"","ID","VacStr","HA_Nonsyn","M_Nonsyn","NA_Nonsyn","NP_Nonsyn","NS_Nonsyn","PA_Nonsyn","PB1_Nonsyn","PB2_Nonsyn","HA_Syn","M_Syn","NA_Syn","NP_Syn","NS_Syn","PA_Syn","PB1_Syn","PB2_Syn"
"1","CY000024_A_New_York_30_2003","EPI103320_A_Moscow_10_1999_NA_NA_NA_NA",15,4,10,5,5,8,4,6,22,13,23,25,7,28,35,38
"2","CY000040_A_New_York_33_2004","EPI103320_A_Moscow_10_1999_NA_NA_NA_NA",15,3,9,6,5,6,3,3,27,11,23,28,7,27,32,40
"3","CY000056_A_New_York_35_2003","EPI103320_A_Moscow_10_1999_NA_NA_NA_NA",17,3,10,6,5,6,4,3,21,12,22,24,7,27,34,38
"4","CY000104_A_New_York_54_2003","EPI103320_A_Moscow_10_1999_NA_NA_NA_NA",14,3,9,6,5,6,3,3,24,11,26,25,7,27,31,38
"5","CY000144_A_New_York_26_2003","EPI103320_A_Moscow_10_1999_NA_NA_NA_NA",17,4,9,6,5,7,4,3,19,13,20,25,9,29,32,37
"6","CY000216_A_New_York_91_2002","EPI103320_A_Moscow_10_1999_NA_NA_NA_NA",5,1,9,5,4,6,3,2,11,10,22,24,11,17,25,25
"7","CY000272_A_New_York_53_2003","EPI103320_A_Moscow_10_1999_NA_NA_NA_NA",17,3,9,6,6,9,4,3,20,14,20,24,9,29,33,36
"8","CY000352_A_New_York_15_2003","EPI103320_A_Moscow_10_1999_NA_NA_NA_NA",17,3,9,6,6,9,3,4,19,14,19,24,9,30,34,38
"9","CY000512_A_New_York_4_2003","EPI103320_A_Moscow_10_1999_NA_NA_NA_NA",15,4,10,6,7,9,3,5,22,13,22,25,8,28,33,38
"10","CY000552_A_New_York_115_2002","EPI103320_A_Moscow_10_1999_NA_NA_NA_NA",6,1,9,5,4,6,3,2,10,10,21,23,8,17,23,28
"11","CY000768_A_New_York_10_2004","EPI103320_A_Moscow_10_1999_NA_NA_NA_NA",18,5,8,5,5,7,5,4,20,13,22,25,7,27,31,39
"12","CY000872_A_New_York_193_2003","EPI103320_A_Moscow_10_1999_NA_NA_NA_NA",11,4,8,4,7,4,5,3,15,11,17,25,12,24,24,29
"13","CY000908_A_New_York_13_2003","EPI103320_A_Moscow_10_1999_NA_NA_NA_NA",14,3,9,6,5,6,3,5,26,11,22,25,7,26,31,39
"14","CY001036_A_New_York_6_2004","EPI103320_A_Moscow_10_1999_NA_NA_NA_NA",14,4,8,5,5,7,4,4,20,13,22,24,7,26,30,39
"15","CY001095_A_New_York_24_2003","EPI103320_A_Moscow_10_1999_NA_NA_NA_NA",17,3,10,6,6,8,4,4,20,14,20,26,9,29,32,38
"16","CY001196_A_New_York_18_2003","EPI103320_A_Moscow_10_1999_NA_NA_NA_NA",16,3,10,6,5,6,4,3,21,11,26,26,7,30,33,38
"17","CY001300_A_New_York_37_2003","EPI103320_A_Moscow_10_1999_NA_NA_NA_NA",15,3,9,6,5,6,3,3,26,11,22,25,7,26,32,39
"18","CY001559_A_New_York_215_2003","EPI103320_A_Moscow_10_1999_NA_NA_NA_NA",8,3,9,5,7,8,3,4,11,10,23,25,13,22,33,39
"19","CY002007_A_New_York_359_2005","EPI358781_A_Fujian_411_2002_NA_NA_NA_NA",2,2,5,3,4,3,1,0,5,4,9,8,0,15,8,15
"20","CY002015_A_New_York_361_2005","EPI358781_A_Fujian_411_2002_NA_NA_NA_NA",4,3,7,3,4,1,1,0,7,4,9,10,3,17,9,12
"21","CY002079_A_New_York_396_2005","EPI358781_A_Fujian_411_2002_NA_NA_NA_NA",2,6,4,3,1,2,1,0,6,4,8,11,1,18,9,13
"22","CY002199_A_New_York_366_2004","EPI358781_A_Fujian_411_2002_NA_NA_NA_NA",3,3,7,3,2,3,2,0,11,5,9,10,2,17,8,17
"23","CY002231_A_New_York_372_2004","EPI358781_A_Fujian_411_2002_NA_NA_NA_NA",3,3,7,3,3,4,2,0,10,5,10,10,3,17,5,13
"24","CY002255_A_New_York_381_2004","EPI358781_A_Fujian_411_2002_NA_NA_NA_NA",3,4,7,3,4,1,1,0,7,5,9,10,4,17,8,11
"25","CY002263_A_New_York_383_2004","EPI358781_A_Fujian_411_2002_NA_NA_NA_NA",3,2,4,5,4,2,1,1,6,3,11,10,0,22,8,15
"26","CY002335_A_New_York_77_2001","EPI103320_A_Moscow_10_1999_NA_NA_NA_NA",5,1,9,5,4,6,3,2,12,9,22,21,9,17,24,31
"27","CY002351_A_New_York_272_2003","EPI103320_A_Moscow_10_1999_NA_NA_NA_NA",16,3,9,6,5,6,3,3,25,12,22,25,7,26,32,39
"28","CY002447_A_New_York_365_2004","EPI358781_A_Fujian_411_2002_NA_NA_NA_NA",4,4,4,3,1,2,3,2,4,5,13,11,4,22,8,14
"29","CY002463_A_New_York_373_2005","EPI358781_A_Fujian_411_2002_NA_NA_NA_NA",2,2,7,3,4,0,2,1,9,3,9,13,0,16,10,14
"30","CY002599_A_New_York_377_2004","EPI358781_A_Fujian_411_2002_NA_NA_NA_NA",4,6,7,3,4,1,1,1,6,4,9,11,2,17,9,13
"31","CY002719_A_New_York_319_2004","EPI358781_A_Fujian_411_2002_NA_NA_NA_NA",4,3,4,3,3,4,2,1,7,4,8,10,1,16,9,14
"32","CY002791_A_New_York_232_2004","EPI358781_A_Fujian_411_2002_NA_NA_NA_NA",3,3,7,3,4,1,1,0,6,5,10,10,2,18,8,11
"33","CY003079_A_New_York_123_2004","EPI358781_A_Fujian_411_2002_NA_NA_NA_NA",4,3,7,3,4,1,2,1,6,5,10,10,2,17,9,13
"34","CY003287_A_New_York_438_2000","EPI103320_A_Moscow_10_1999_NA_NA_NA_NA",3,2,0,2,4,1,1,1,2,8,1,4,3,7,4,15
"35","CY003647_A_New_York_463_2005","EPI358781_A_Fujian_411_2002_NA_NA_NA_NA",5,3,5,3,3,3,2,1,9,4,7,11,1,18,9,13
"36","CY003671_A_New_York_471_2004","EPI358781_A_Fujian_411_2002_NA_NA_NA_NA",2,5,5,4,2,2,3,4,8,3,8,9,1,16,9,11
"37","CY006091_A_New_York_465_2005","EPI358781_A_Fujian_411_2002_NA_NA_NA_NA",4,3,7,3,4,1,1,2,6,4,9,10,2,18,12,14
"38","CY006386_A_New_York_467_2004","EPI103320_A_Moscow_10_1999_NA_NA_NA_NA",19,3,13,6,0,3,4,4,25,10,13,14,5,22,20,24
"39","CY009267_A_New_York_499_2004","EPI103320_A_Moscow_10_1999_NA_NA_NA_NA",14,4,9,5,5,7,3,3,21,14,22,25,7,25,31,41
"40","CY013812_A_New_York_C4_2002","EPI103320_A_Moscow_10_1999_NA_NA_NA_NA",6,1,10,5,5,7,3,3,10,9,22,25,8,17,25,28
"41","CY019156_A_New_York_900_2004","EPI358781_A_Fujian_411_2002_NA_NA_NA_NA",3,3,7,3,3,4,2,0,10,5,10,10,3,17,5,13
"42","CY019164_A_New_York_900_2004","EPI358781_A_Fujian_411_2002_NA_NA_NA_NA",3,3,7,3,3,4,2,0,10,5,10,10,3,17,5,13
"43","CY019180_A_New_York_905_2004","EPI358781_A_Fujian_411_2002_NA_NA_NA_NA",3,3,7,3,4,1,1,0,7,4,9,10,3,17,8,11
"44","CY019260_A_New_York_908_2004","EPI358781_A_Fujian_411_2002_NA_NA_NA_NA",3,3,7,3,4,1,1,0,7,4,9,10,3,17,8,11
"45","CY019300_A_New_York_913_2005","EPI358781_A_Fujian_411_2002_NA_NA_NA_NA",3,3,7,3,4,3,1,0,7,4,10,11,2,18,9,13
"46","CY019308_A_New_York_918_2005","EPI358781_A_Fujian_411_2002_NA_NA_NA_NA",3,3,7,3,4,1,1,0,6,5,10,11,2,18,9,13
"47","CY019324_A_New_York_918_2005","EPI358781_A_Fujian_411_2002_NA_NA_NA_NA",3,3,7,3,4,1,1,0,6,5,10,11,2,18,9,13
"48","CY019866_A_New_York_938_2006","EPI367109_A_California_7_2004_NA_NA_NA_NA",4,3,4,5,1,8,2,0,9,5,9,22,1,28,24,13
"49","CY020372_A_New_York_938_2006","EPI367109_A_California_7_2004_NA_NA_NA_NA",4,3,4,5,1,8,2,0,9,5,9,22,1,28,24,13
"50","CY020540_A_New_York_913_2005","EPI358781_A_Fujian_411_2002_NA_NA_NA_NA",3,3,7,3,4,3,1,0,7,4,10,11,2,18,9,13
"51","CY025428_A_California_UR06_0347_2007","EPI502253_A_Wisconsin_67_2005_NA_NA_NA_NA",2,0,6,6,1,1,1,3,10,0,4,25,3,6,9,13
"52","CY027570_A_Texas_UR06_0358_2007","EPI502253_A_Wisconsin_67_2005_NA_NA_NA_NA",1,0,8,5,1,0,1,3,9,1,4,23,3,5,6,13
"53","CY032968_A_Yucatan_844_2003","EPI103320_A_Moscow_10_1999_NA_NA_NA_NA",12,1,8,2,0,2,2,2,21,10,10,12,5,12,16,23
"54","CY037310_A_Qatar_AF02_2008","EPI502253_A_Wisconsin_67_2005_NA_NA_NA_NA",3,1,9,5,3,3,1,4,13,2,7,26,5,8,16,18
"55","CY037326_A_Korea_AF05_2008","EPI502253_A_Wisconsin_67_2005_NA_NA_NA_NA",5,1,8,5,1,0,0,3,18,4,5,28,3,14,12,16
"56","CY038574_A_Hong_Kong_HKU2_2004","EPI103320_A_Moscow_10_1999_NA_NA_NA_NA",15,3,11,5,5,8,3,4,21,13,20,26,8,30,34,38
"57","CY038614_A_Hong_Kong_HKU19_2004","EPI103320_A_Moscow_10_1999_NA_NA_NA_NA",19,2,11,2,0,6,4,5,22,11,14,16,5,14,23,24
"58","CY038622_A_Hong_Kong_HKU20_2004","EPI103320_A_Moscow_10_1999_NA_NA_NA_NA",19,2,12,3,0,5,4,4,20,9,13,16,4,14,26,26
"59","CY038638_A_Hong_Kong_HKU29_2004","EPI103320_A_Moscow_10_1999_NA_NA_NA_NA",19,3,12,2,2,5,4,4,23,12,14,17,5,15,28,25
"60","CY038646_A_Hong_Kong_HKU31_2004","EPI103320_A_Moscow_10_1999_NA_NA_NA_NA",20,2,12,3,1,6,4,4,21,11,15,17,5,15,24,25
"61","CY038654_A_Hong_Kong_HKU34_2004","EPI103320_A_Moscow_10_1999_NA_NA_NA_NA",21,2,12,3,1,5,4,4,20,10,14,17,5,16,25,25
"62","CY038686_A_Hong_Kong_HKU42_2005","EPI358781_A_Fujian_411_2002_NA_NA_NA_NA",4,2,4,1,2,2,3,1,2,4,7,11,0,4,12,6
"63","CY038702_A_Hong_Kong_HKU62_2005","EPI358781_A_Fujian_411_2002_NA_NA_NA_NA",7,1,5,1,4,3,1,1,14,3,9,13,0,6,10,15
"64","CY038710_A_Hong_Kong_HKU65_2005","EPI358781_A_Fujian_411_2002_NA_NA_NA_NA",5,1,6,1,4,3,3,0,13,1,6,10,0,5,9,17
"65","CY038718_A_Hong_Kong_HKU67_2005","EPI358781_A_Fujian_411_2002_NA_NA_NA_NA",5,1,5,1,4,3,4,1,10,2,7,12,0,9,9,16
"66","CY038734_A_Hong_Kong_HKU69_2005","EPI358781_A_Fujian_411_2002_NA_NA_NA_NA",5,1,5,1,4,4,1,0,12,1,6,12,1,6,9,18
"67","CY038742_A_Hong_Kong_HKU70_2005","EPI358781_A_Fujian_411_2002_NA_NA_NA_NA",6,1,6,1,2,4,2,0,12,1,6,11,0,7,10,16
"68","CY038758_A_Hong_Kong_HKU79_2005","EPI358781_A_Fujian_411_2002_NA_NA_NA_NA",5,1,6,1,4,3,1,1,12,3,7,14,4,8,11,18
"69","CY038950_A_Hong_Kong_HKU4_2004","EPI103320_A_Moscow_10_1999_NA_NA_NA_NA",21,2,10,3,4,4,4,3,18,10,14,13,5,23,23,24
"70","CY038958_A_Hong_Kong_HKU6_2004","EPI103320_A_Moscow_10_1999_NA_NA_NA_NA",17,2,11,4,0,1,3,3,24,11,12,14,4,20,19,21
"71","CY038990_A_Hong_Kong_HKU14_2004","EPI103320_A_Moscow_10_1999_NA_NA_NA_NA",17,2,12,4,1,1,3,2,22,10,12,17,6,18,18,22
"72","CY038998_A_Hong_Kong_HKU15_2004","EPI103320_A_Moscow_10_1999_NA_NA_NA_NA",17,1,12,4,0,1,3,2,24,10,13,12,4,23,20,25
"73","CY039014_A_Hong_Kong_HKU21_2004","EPI103320_A_Moscow_10_1999_NA_NA_NA_NA",19,4,13,2,0,5,4,4,22,13,15,17,4,13,26,25
"74","CY039030_A_Hong_Kong_HKU25_2004","EPI103320_A_Moscow_10_1999_NA_NA_NA_NA",21,2,12,3,0,5,4,4,22,11,14,17,4,15,23,25
"75","CY039038_A_Hong_Kong_HKU30_2004","EPI103320_A_Moscow_10_1999_NA_NA_NA_NA",21,2,12,2,0,5,4,4,23,13,14,15,4,14,27,25
"76","CY039054_A_Hong_Kong_HKU40_2004","EPI358781_A_Fujian_411_2002_NA_NA_NA_NA",4,1,4,1,3,2,2,1,3,1,8,11,4,4,9,7
"77","CY039062_A_Hong_Kong_HKU45_2005","EPI358781_A_Fujian_411_2002_NA_NA_NA_NA",2,2,6,3,2,0,0,1,9,3,8,10,0,18,13,14
"78","CY039070_A_Hong_Kong_HKU47_2005","EPI358781_A_Fujian_411_2002_NA_NA_NA_NA",6,1,5,1,4,3,2,1,10,1,7,12,0,5,10,18
"79","CY039166_A_Hong_Kong_HKU5_2004","EPI103320_A_Moscow_10_1999_NA_NA_NA_NA",16,4,8,5,7,6,3,3,25,12,22,25,9,33,29,42
"80","CY039174_A_Hong_Kong_HKU24_2004","EPI103320_A_Moscow_10_1999_NA_NA_NA_NA",16,3,11,4,1,2,4,2,25,10,17,14,4,22,19,26
"81","CY039214_A_Hong_Kong_HKU58_2005","EPI358781_A_Fujian_411_2002_NA_NA_NA_NA",5,1,5,1,4,4,2,1,12,2,6,12,0,6,12,15
"82","CY039230_A_Hong_Kong_HKU61_2005","EPI358781_A_Fujian_411_2002_NA_NA_NA_NA",5,1,6,1,4,3,1,0,11,1,7,13,0,6,9,14
"83","CY039238_A_Hong_Kong_HKU63_2005","EPI358781_A_Fujian_411_2002_NA_NA_NA_NA",6,2,5,1,3,4,2,0,10,2,7,11,2,6,9,15
"84","CY039406_A_Taiwan_70002_2007","EPI502253_A_Wisconsin_67_2005_NA_NA_NA_NA",2,0,5,1,2,0,1,0,5,5,2,4,2,4,4,4
"85","CY039414_A_Taiwan_70113_2007","EPI502253_A_Wisconsin_67_2005_NA_NA_NA_NA",2,0,4,2,0,1,1,2,7,2,1,3,1,3,8,6
"86","CY039494_A_Hong_Kong_HKU1_2004","EPI103320_A_Moscow_10_1999_NA_NA_NA_NA",17,1,11,4,2,1,2,4,22,10,14,11,4,18,21,25
"87","CY039502_A_Hong_Kong_HKU32_2004","EPI103320_A_Moscow_10_1999_NA_NA_NA_NA",20,3,13,4,0,5,8,4,21,11,15,17,4,15,24,25
"88","CY040057_A_Taiwan_70307_2007","EPI502253_A_Wisconsin_67_2005_NA_NA_NA_NA",1,0,5,1,1,1,1,1,6,5,1,2,2,1,4,5
"89","CY040073_A_Taiwan_2361_2007","EPI502253_A_Wisconsin_67_2005_NA_NA_NA_NA",2,1,7,7,2,0,1,4,13,2,4,28,6,8,9,18
"90","CY040105_A_Taiwan_70120_2008","EPI502253_A_Wisconsin_67_2005_NA_NA_NA_NA",1,0,6,5,1,0,0,5,12,3,7,23,4,8,11,18
"91","CY040321_A_Hong_Kong_HKU38_2004","EPI103320_A_Moscow_10_1999_NA_NA_NA_NA",20,2,12,3,3,5,5,4,22,9,14,17,5,13,25,27
"92","CY040329_A_Hong_Kong_HKU52_2005","EPI358781_A_Fujian_411_2002_NA_NA_NA_NA",6,1,5,1,4,3,1,1,9,1,8,10,0,6,10,14
"93","CY040345_A_Hong_Kong_HKU75_2005","EPI358781_A_Fujian_411_2002_NA_NA_NA_NA",6,1,5,1,0,3,2,0,13,1,7,14,1,7,9,15
"94","CY040353_A_Hong_Kong_HKU76_2005","EPI358781_A_Fujian_411_2002_NA_NA_NA_NA",6,2,6,1,2,3,3,0,11,1,7,12,2,8,9,17
"95","CY040361_A_Hong_Kong_HKU77_2005","EPI358781_A_Fujian_411_2002_NA_NA_NA_NA",5,1,6,4,3,3,1,1,10,1,9,10,1,5,11,18
"96","CY043751_A_Hong_Kong_HKU28_2004","EPI103320_A_Moscow_10_1999_NA_NA_NA_NA",19,3,12,2,2,5,4,4,23,11,13,17,5,15,28,25
"97","CY043767_A_Hong_Kong_HKU72_2005","EPI358781_A_Fujian_411_2002_NA_NA_NA_NA",6,1,6,1,4,3,1,0,10,3,9,12,0,6,11,15
"98","CY043775_A_Hong_Kong_HKU78_2005","EPI358781_A_Fujian_411_2002_NA_NA_NA_NA",6,1,7,1,4,3,1,1,10,1,7,12,1,7,14,16
"99","CY044404_A_Hong_Kong_HKU73_2005","EPI358781_A_Fujian_411_2002_NA_NA_NA_NA",6,1,6,2,4,3,1,2,12,1,6,10,1,6,10,8
"100","CY044603_A_Boston_40_2008","EPI502253_A_Wisconsin_67_2005_NA_NA_NA_NA",5,0,8,5,1,1,1,3,16,3,7,28,3,14,14,15
"101","CY044827_A_Boston_88_2008","EPI502253_A_Wisconsin_67_2005_NA_NA_NA_NA",3,1,8,5,1,0,1,4,13,3,5,25,4,5,13,18
"102","CY050611_A_New_York_3018_2009","EPI577980_A_Brisbane_10_2007_NA_NA_NA_NA",6,2,1,1,3,2,1,1,7,2,6,8,0,8,2,6
"103","CY050731_A_New_York_3143_2009","EPI577980_A_Brisbane_10_2007_NA_NA_NA_NA",5,1,2,1,4,1,1,1,6,3,6,8,0,8,2,5
"104","CY050795_A_New_York_3491_2009","EPI577980_A_Brisbane_10_2007_NA_NA_NA_NA",5,1,1,1,3,2,1,1,6,3,6,8,0,8,3,5
"105","CY050827_A_New_York_3738_2009","EPI577980_A_Brisbane_10_2007_NA_NA_NA_NA",6,1,1,2,3,1,1,1,7,5,6,9,1,9,3,5
"106","CY064830_A_California_VRDL138_2009","EPI577980_A_Brisbane_10_2007_NA_NA_NA_NA",2,3,5,1,3,1,2,5,7,1,3,4,0,12,4,10
"107","CY067976_A_California_VRDL339_2009","EPI577980_A_Brisbane_10_2007_NA_NA_NA_NA",6,1,2,1,2,1,1,3,8,6,5,6,0,8,3,5
"108","CY068104_A_California_VRDL368_2009","EPI577980_A_Brisbane_10_2007_NA_NA_NA_NA",0,2,2,1,0,0,2,2,10,2,4,11,1,6,6,12
"109","CY068208_A_California_VRDL170_2009","EPI577980_A_Brisbane_10_2007_NA_NA_NA_NA",0,3,4,1,1,0,3,3,8,3,4,7,1,12,5,9
"110","CY068232_A_California_VRDL188_2009","EPI577980_A_Brisbane_10_2007_NA_NA_NA_NA",0,1,5,1,0,2,3,1,11,2,0,2,0,15,4,3
"111","CY068296_A_California_VRDL247_2009","EPI577980_A_Brisbane_10_2007_NA_NA_NA_NA",0,1,4,0,1,1,3,2,11,2,1,3,0,14,3,5
"112","CY068336_A_California_VRDL260_2009","EPI577980_A_Brisbane_10_2007_NA_NA_NA_NA",6,1,2,1,2,1,1,1,10,6,5,4,1,9,3,8
"113","CY068360_A_California_VRDL263_2009","EPI577980_A_Brisbane_10_2007_NA_NA_NA_NA",6,1,2,1,2,1,1,1,7,6,7,4,0,9,3,5
"114","CY068416_A_California_VRDL277_2009","EPI577980_A_Brisbane_10_2007_NA_NA_NA_NA",5,1,1,1,2,1,1,3,6,3,8,7,1,9,1,6
"115","CY068480_A_California_VRDL309_2009","EPI577980_A_Brisbane_10_2007_NA_NA_NA_NA",0,1,4,1,3,0,2,3,6,2,2,3,2,14,4,12
"116","CY068640_A_California_VRDL394_2009","EPI577980_A_Brisbane_10_2007_NA_NA_NA_NA",0,1,5,0,0,2,2,1,11,3,0,3,1,12,7,3
"117","CY068781_A_California_VRDL205_2009","EPI577980_A_Brisbane_10_2007_NA_NA_NA_NA",1,1,5,0,0,1,2,1,12,2,0,1,0,13,4,5
"118","CY069322_A_Korea_WRAIR1038P_2009","EPI577980_A_Brisbane_10_2007_NA_NA_NA_NA",6,1,2,1,2,2,2,1,8,4,6,6,1,11,3,7
"119","CY069426_A_Japan_WRAIR1140P_2009","EPI577980_A_Brisbane_10_2007_NA_NA_NA_NA",1,1,1,0,1,1,3,1,12,2,5,5,1,12,5,5
"120","CY072221_A_New_York_20343_2010","EPI577980_A_Brisbane_10_2007_NA_NA_NA_NA",9,2,4,0,4,2,5,3,11,2,7,4,0,12,10,8
"121","CY077432_A_California_VRDL356_2009","EPI577980_A_Brisbane_10_2007_NA_NA_NA_NA",5,2,1,2,3,1,3,2,6,4,6,9,1,9,3,6
"122","CY084416_A_New_York_3918_2009","EPI577980_A_Brisbane_10_2007_NA_NA_NA_NA",7,1,1,1,3,3,3,1,7,3,6,8,1,8,3,5
"123","CY088027_A_England_425_2003","EPI103320_A_Moscow_10_1999_NA_NA_NA_NA",16,4,9,6,6,9,3,7,24,13,26,26,7,22,33,38
"124","CY088035_A_England_438_2003","EPI103320_A_Moscow_10_1999_NA_NA_NA_NA",16,1,8,6,5,7,3,3,20,12,22,24,8,28,30,37
"125","CY088115_A_England_467_2003","EPI103320_A_Moscow_10_1999_NA_NA_NA_NA",18,4,9,5,6,7,3,4,21,12,23,25,7,27,34,38
"126","CY088131_A_Scotland_78_2003","EPI103320_A_Moscow_10_1999_NA_NA_NA_NA",15,4,9,6,6,9,4,3,24,10,24,25,8,22,32,39
"127","CY088139_A_Scotland_79_2003","EPI103320_A_Moscow_10_1999_NA_NA_NA_NA",15,1,9,6,5,7,4,2,20,13,23,23,8,27,29,36
"128","CY088187_A_England_944_2003","EPI103320_A_Moscow_10_1999_NA_NA_NA_NA",16,4,9,6,6,9,3,4,23,13,26,27,7,22,33,37
"129","CY088251_A_England_525_2003","EPI103320_A_Moscow_10_1999_NA_NA_NA_NA",15,4,9,5,5,9,3,5,22,12,28,26,7,22,35,39
"130","CY088267_A_England_585_2003","EPI103320_A_Moscow_10_1999_NA_NA_NA_NA",16,3,9,5,6,7,3,5,25,12,22,25,8,30,31,25
"131","CY088275_A_England_487_2003","EPI103320_A_Moscow_10_1999_NA_NA_NA_NA",16,4,9,5,6,8,3,4,25,13,23,26,9,29,34,39
"132","CY088291_A_England_491_2003","EPI103320_A_Moscow_10_1999_NA_NA_NA_NA",16,4,9,5,6,7,3,4,23,13,22,26,8,28,35,37
"133","CY088323_A_England_508_2003","EPI103320_A_Moscow_10_1999_NA_NA_NA_NA",17,3,10,5,6,7,5,3,19,12,22,25,8,30,31,39
"134","CY088339_A_England_957_2003","EPI103320_A_Moscow_10_1999_NA_NA_NA_NA",15,4,9,6,6,8,3,4,23,13,24,28,7,29,37,37
"135","CY088363_A_England_558_2003","EPI103320_A_Moscow_10_1999_NA_NA_NA_NA",19,1,10,4,0,7,3,6,23,10,23,12,5,27,19,21
"136","CY088379_A_England_532_2003","EPI103320_A_Moscow_10_1999_NA_NA_NA_NA",15,4,10,5,6,7,3,4,24,13,23,24,7,28,38,37
"137","CY088387_A_England_522_2003","EPI103320_A_Moscow_10_1999_NA_NA_NA_NA",15,4,10,5,5,9,3,4,22,12,26,24,7,22,34,38
"138","CY088403_A_England_547_2003","EPI103320_A_Moscow_10_1999_NA_NA_NA_NA",16,1,9,7,5,7,3,2,22,12,23,22,8,28,32,36
"139","CY089740_A_Boston_40_2009","EPI577980_A_Brisbane_10_2007_NA_NA_NA_NA",0,1,4,0,0,3,4,2,11,1,0,3,0,12,3,3
"140","CY089756_A_Boston_75_2009","EPI577980_A_Brisbane_10_2007_NA_NA_NA_NA",0,1,4,1,2,1,3,3,6,1,3,4,1,14,3,12
"141","CY090956_A_South_Carolina_NHRC0002_2003","EPI103320_A_Moscow_10_1999_NA_NA_NA_NA",15,3,10,6,6,7,4,3,22,11,24,25,7,28,32,37
"142","CY090996_A_South_Carolina_NHRC0001_2005","EPI358781_A_Fujian_411_2002_NA_NA_NA_NA",4,3,4,5,2,3,2,1,7,3,13,12,0,18,11,17
"143","CY091012_A_Illinois_NHRC0001_2005","EPI358781_A_Fujian_411_2002_NA_NA_NA_NA",4,3,6,4,4,3,1,1,7,2,11,15,2,20,12,18
"144","CY091036_A_Illinois_NHRC0002_2005","EPI367109_A_California_7_2004_NA_NA_NA_NA",2,3,1,7,1,8,1,4,8,7,10,22,3,26,26,27
"145","CY091124_A_Missouri_NHRC0002_2004","EPI103320_A_Moscow_10_1999_NA_NA_NA_NA",18,3,10,5,6,9,3,4,19,14,20,25,11,31,30,40
"146","CY091140_A_Texas_NHRC0001_2005","EPI358781_A_Fujian_411_2002_NA_NA_NA_NA",5,4,6,3,1,2,3,0,8,6,7,9,7,20,9,14
"147","CY091316_A_Hong_Kong_NHRC0001_2005","EPI358781_A_Fujian_411_2002_NA_NA_NA_NA",6,1,5,1,3,3,1,0,15,2,6,12,1,7,9,18
"148","CY091436_A_California_NHRC0002_2005","EPI358781_A_Fujian_411_2002_NA_NA_NA_NA",6,2,4,3,3,3,1,0,6,3,9,8,3,20,13,11
"149","CY091468_A_California_NHRC0006_2003","EPI103320_A_Moscow_10_1999_NA_NA_NA_NA",17,3,9,5,6,6,4,3,22,14,19,25,9,26,33,36
"150","CY091532_A_California_NHRC0006_2005","EPI367109_A_California_7_2004_NA_NA_NA_NA",4,5,3,0,2,2,0,0,6,2,8,5,1,6,9,7
"151","CY091580_A_Illinois_NHRC0002_2011","EPI577969_A_Perth_16_2009_NA_NA_NA_NA",10,0,3,1,3,4,2,7,17,8,9,9,9,15,18,24
"152","CY091588_A_California_NHRC0001_2011","EPI577969_A_Perth_16_2009_NA_NA_NA_NA",11,0,4,1,3,2,3,6,19,8,9,6,7,15,18,21
"153","CY092216_A_Georgia_NHRC0001_2003","EPI103320_A_Moscow_10_1999_NA_NA_NA_NA",15,3,10,6,5,8,3,3,21,11,23,26,7,34,31,38
"154","CY092272_A_California_NHRC0003_2011","EPI577969_A_Perth_16_2009_NA_NA_NA_NA",11,0,3,1,3,2,2,6,17,8,12,6,7,18,21,23
"155","CY092288_A_California_NHRC0002_2011","EPI577969_A_Perth_16_2009_NA_NA_NA_NA",10,0,3,1,3,2,2,6,18,8,10,7,7,15,20,22
"156","CY093221_A_District_of_Columbia_WRAIR0300_2010","EPI577969_A_Perth_16_2009_NA_NA_NA_NA",10,0,5,4,4,4,5,2,9,13,12,8,3,16,15,10
"157","CY093237_A_South_Korea_WRAIR1171P_2009","EPI577980_A_Brisbane_10_2007_NA_NA_NA_NA",3,2,3,2,0,1,2,2,9,2,4,5,1,4,6,10
"158","CY093316_A_Kyrgyzstan_WRAIR1256P_2008","EPI577980_A_Brisbane_10_2007_NA_NA_NA_NA",2,3,1,1,0,1,2,3,7,3,5,3,1,6,6,10
"159","CY093348_A_Kuwait_WRAIR1561P_2009","EPI577980_A_Brisbane_10_2007_NA_NA_NA_NA",0,1,2,0,0,3,2,1,7,1,4,2,0,6,3,5
"160","CY093540_A_Mexico_City_WRAIR3579T_2010","EPI577969_A_Perth_16_2009_NA_NA_NA_NA",10,0,4,2,3,2,3,6,17,8,9,6,7,15,20,23
"161","CY100575_A_Mexico_InDRE2246_2005","EPI358781_A_Fujian_411_2002_NA_NA_NA_NA",5,1,6,1,3,3,2,0,11,1,7,12,0,10,10,21
"162","CY106599_A_Hong_Kong_H090_671_V10_2009","EPI577980_A_Brisbane_10_2007_NA_NA_NA_NA",3,1,4,0,5,1,4,3,17,2,7,6,1,11,5,7
"163","CY106647_A_Hong_Kong_H090_689_V22_2009","EPI577980_A_Brisbane_10_2007_NA_NA_NA_NA",5,1,2,1,2,2,1,2,8,3,7,6,0,10,4,9
"164","CY106655_A_Hong_Kong_H090_692_V10_2009","EPI577980_A_Brisbane_10_2007_NA_NA_NA_NA",5,1,3,1,2,1,1,1,11,3,7,6,0,9,5,6
"165","CY106703_A_Hong_Kong_H090_714_V10_2009","EPI577980_A_Brisbane_10_2007_NA_NA_NA_NA",6,1,2,1,2,2,1,1,9,3,7,6,0,9,4,6
"166","CY106735_A_Hong_Kong_H090_720_V31_2009","EPI577980_A_Brisbane_10_2007_NA_NA_NA_NA",3,1,4,0,5,1,4,3,17,2,6,6,1,12,5,8
"167","CY106743_A_Hong_Kong_H090_724_V10_2009","EPI577980_A_Brisbane_10_2007_NA_NA_NA_NA",7,3,1,2,2,1,2,1,7,4,10,9,0,10,3,6
"168","CY106751_A_Hong_Kong_H090_724_V20_2009","EPI577980_A_Brisbane_10_2007_NA_NA_NA_NA",7,3,1,2,2,1,2,1,7,4,10,9,0,10,3,6
"169","CY106791_A_Hong_Kong_H090_733_V10_2009","EPI577980_A_Brisbane_10_2007_NA_NA_NA_NA",6,2,3,1,3,2,3,3,9,3,7,7,0,10,4,7
"170","CY106847_A_Hong_Kong_H090_739_V22_2009","EPI577980_A_Brisbane_10_2007_NA_NA_NA_NA",9,1,4,2,3,1,1,2,7,3,7,7,1,9,4,7
"171","CY106863_A_Hong_Kong_H090_739_V33_2009","EPI577980_A_Brisbane_10_2007_NA_NA_NA_NA",9,1,4,2,3,1,1,2,7,3,7,7,1,9,4,7
"172","CY106871_A_Hong_Kong_H090_741_V10_2009","EPI577980_A_Brisbane_10_2007_NA_NA_NA_NA",7,1,2,1,2,1,1,1,8,3,7,6,0,10,3,9
"173","CY106879_A_Hong_Kong_H090_747_V10_2009","EPI577980_A_Brisbane_10_2007_NA_NA_NA_NA",8,1,2,2,2,1,1,1,7,3,7,7,1,9,5,6
"174","CY107095_A_England_470_2003","EPI103320_A_Moscow_10_1999_NA_NA_NA_NA",15,4,9,5,5,9,3,4,22,13,24,24,7,22,33,37
"175","CY107111_A_England_516_2003","EPI103320_A_Moscow_10_1999_NA_NA_NA_NA",17,1,9,7,5,11,3,2,20,14,26,24,8,30,31,36
"176","CY107151_A_England_493_2003","EPI103320_A_Moscow_10_1999_NA_NA_NA_NA",17,4,9,6,5,8,3,5,21,12,22,24,7,30,35,40
"177","CY107167_A_England_532_2003","EPI103320_A_Moscow_10_1999_NA_NA_NA_NA",15,4,9,5,6,6,3,4,24,13,22,24,7,25,39,37
"178","CY111165_A_Boston_DOA05_2011","EPI577969_A_Perth_16_2009_NA_NA_NA_NA",9,1,4,1,4,2,2,7,16,8,14,9,7,16,22,21
"179","CY111309_A_Boston_DOA48_2011","EPI577969_A_Perth_16_2009_NA_NA_NA_NA",11,1,4,1,5,6,4,2,10,9,17,12,4,18,18,6
"180","CY111317_A_Boston_DOA51_2011","EPI577969_A_Perth_16_2009_NA_NA_NA_NA",11,1,6,1,5,5,4,1,9,8,17,11,3,19,21,10
"181","CY111421_A_Boston_DOA78_2011","EPI577969_A_Perth_16_2009_NA_NA_NA_NA",9,1,5,1,4,2,2,8,16,8,15,9,7,16,23,22
"182","CY112948_A_Netherlands_1_2002","EPI103320_A_Moscow_10_1999_NA_NA_NA_NA",6,1,6,6,5,7,4,4,9,9,17,20,7,18,21,33
"183","CY112996_A_Netherlands_132_2004","EPI358781_A_Fujian_411_2002_NA_NA_NA_NA",5,2,5,3,4,2,3,0,8,2,6,8,5,18,8,15
"184","CY113004_A_Netherlands_548_2005","EPI367109_A_California_7_2004_NA_NA_NA_NA",2,4,3,5,1,9,1,2,10,5,10,22,1,29,23,10
"185","CY113020_A_Netherlands_377_2008","EPI502253_A_Wisconsin_67_2005_NA_NA_NA_NA",5,1,7,6,4,1,2,5,15,4,5,30,6,11,14,18
"186","CY113028_A_Netherlands_69_2009","EPI577980_A_Brisbane_10_2007_NA_NA_NA_NA",1,1,5,1,2,0,2,3,6,2,2,3,0,11,3,11
"187","CY113044_A_Netherlands_761_2009","EPI577980_A_Brisbane_10_2007_NA_NA_NA_NA",2,2,5,0,1,0,3,3,11,2,4,6,4,11,9,7
"188","CY114324_A_Netherlands_3_2000","EPI103320_A_Moscow_10_1999_NA_NA_NA_NA",4,1,0,1,0,1,1,2,3,8,1,0,3,4,10,14
"189","CY114340_A_Netherlands_126_2001","EPI103320_A_Moscow_10_1999_NA_NA_NA_NA",4,3,6,4,5,3,2,3,4,9,3,16,9,11,14,4
"190","CY114404_A_Netherlands_363_2006","EPI502253_A_Wisconsin_67_2005_NA_NA_NA_NA",6,6,5,5,4,0,1,4,6,10,6,30,4,3,32,8
"191","CY114412_A_Netherlands_69_2007","EPI502253_A_Wisconsin_67_2005_NA_NA_NA_NA",2,0,8,5,2,1,1,4,15,2,9,27,5,9,13,16
"192","CY114420_A_Netherlands_348_2007","EPI502253_A_Wisconsin_67_2005_NA_NA_NA_NA",0,0,7,5,1,0,1,3,10,2,9,23,5,3,10,14
"193","CY114428_A_Netherlands_063_2011","EPI577969_A_Perth_16_2009_NA_NA_NA_NA",2,1,7,2,4,5,4,2,12,11,15,10,10,9,23,22
"194","CY114516_A_Netherlands_034_2010","EPI577969_A_Perth_16_2009_NA_NA_NA_NA",13,2,8,1,4,4,4,3,10,8,15,7,3,15,18,10
"195","CY115527_A_Hong_Kong_H090_689_V20_2009","EPI577980_A_Brisbane_10_2007_NA_NA_NA_NA",5,1,2,1,2,2,1,1,8,3,7,6,0,10,4,9
"196","CY115647_A_Hong_Kong_H090_726_V10_2009","EPI577980_A_Brisbane_10_2007_NA_NA_NA_NA",5,1,2,3,2,1,1,1,9,3,7,6,0,9,3,6
"197","CY115687_A_Hong_Kong_H090_734_V32_2009","EPI577980_A_Brisbane_10_2007_NA_NA_NA_NA",5,1,2,1,2,2,1,1,8,3,9,6,1,10,5,8
"198","CY115727_A_Hong_Kong_H090_739_V23_2009","EPI577980_A_Brisbane_10_2007_NA_NA_NA_NA",9,1,4,2,3,1,1,2,7,3,7,7,1,9,4,7
"199","CY115735_A_Hong_Kong_H090_739_V33_2009","EPI577980_A_Brisbane_10_2007_NA_NA_NA_NA",9,1,4,2,3,1,1,2,7,3,7,7,1,9,4,7
"200","CY134520_A_Boston_DOA38_2011","EPI577969_A_Perth_16_2009_NA_NA_NA_NA",10,0,4,1,4,4,3,7,18,9,13,9,7,18,20,22
"201","CY134568_A_Boston_DOA47_2011","EPI577969_A_Perth_16_2009_NA_NA_NA_NA",10,0,4,1,3,3,2,6,19,9,11,8,9,18,21,25
"202","CY134779_A_Texas_JMM_8_2012","EPI417234_A_Victoria_361_2011_NA_NA_NA_NA",13,1,4,1,4,1,4,10,22,12,11,13,6,18,32,42
"203","CY135131_A_Texas_JMM_54_2012","EPI417234_A_Victoria_361_2011_NA_NA_NA_NA",2,0,1,0,1,0,1,0,8,0,0,4,0,4,3,5
"204","CY147666_A_Mexico_24013_2008","EPI577980_A_Brisbane_10_2007_NA_NA_NA_NA",3,0,2,1,0,1,1,2,6,1,1,6,1,3,2,2
"205","CY148427_A_Boston_DOA2_112_2012","EPI417234_A_Victoria_361_2011_NA_NA_NA_NA",3,1,1,1,0,0,0,3,5,1,2,2,2,3,4,2
"206","CY148547_A_Boston_DOA2_128_2012","EPI417234_A_Victoria_361_2011_NA_NA_NA_NA",4,0,2,1,0,1,0,4,6,1,2,1,1,3,6,0
"207","CY148707_A_Boston_DOA2_149_2013","EPI417234_A_Victoria_361_2011_NA_NA_NA_NA",4,0,1,0,3,1,1,2,9,1,1,2,1,3,1,3
"208","CY148787_A_Boston_DOA2_161_2013","EPI417234_A_Victoria_361_2011_NA_NA_NA_NA",3,0,2,1,2,0,2,2,10,2,2,1,1,5,2,3
"209","CY148923_A_Boston_DOA2_180_2013","EPI417234_A_Victoria_361_2011_NA_NA_NA_NA",4,1,2,0,2,1,3,0,7,1,1,2,0,3,2,4
"210","CY149131_A_Boston_DOA2_218_2013","EPI417234_A_Victoria_361_2011_NA_NA_NA_NA",5,0,2,1,1,0,1,0,4,0,1,1,2,6,4,4
"211","CY149323_A_Boston_DOA2_245_2013","EPI417234_A_Victoria_361_2011_NA_NA_NA_NA",4,1,2,0,2,1,4,0,7,1,3,1,0,2,2,3
"212","CY167515_A_Tennessee_F2018A_2011","EPI577969_A_Perth_16_2009_NA_NA_NA_NA",11,1,3,1,3,3,4,6,17,8,10,6,9,15,18,22
"213","CY167571_A_Tennessee_F2031A_2011","EPI577969_A_Perth_16_2009_NA_NA_NA_NA",10,2,4,2,3,3,2,7,17,8,11,6,8,16,20,22
"214","CY167934_A_Boston_YGA_00008_2012","EPI417234_A_Victoria_361_2011_NA_NA_NA_NA",5,0,2,1,1,0,1,0,5,0,2,1,2,5,3,5
"215","CY168094_A_Boston_YGA_00035_2013","EPI417234_A_Victoria_361_2011_NA_NA_NA_NA",4,1,1,0,2,0,2,1,7,1,1,0,0,3,3,4
"216","CY168238_A_Boston_YGA_00054_2013","EPI417234_A_Victoria_361_2011_NA_NA_NA_NA",5,0,1,0,4,1,1,1,10,0,1,2,2,4,2,4
"217","CY168846_A_Boston_YGA_01045_2012","EPI417234_A_Victoria_361_2011_NA_NA_NA_NA",10,1,4,1,4,1,4,12,19,11,15,11,6,18,35,45
"218","CY168878_A_Boston_YGA_01049_2012","EPI417234_A_Victoria_361_2011_NA_NA_NA_NA",3,0,1,0,1,0,1,0,8,0,0,4,0,5,3,5
"219","CY169366_A_Boston_YGA_01115_2013","EPI417234_A_Victoria_361_2011_NA_NA_NA_NA",5,0,1,1,1,1,2,1,5,1,1,1,2,4,3,5
"220","CY169798_A_Boston_YGA_01173_2013","EPI417234_A_Victoria_361_2011_NA_NA_NA_NA",5,0,2,1,1,0,1,0,4,0,1,1,2,5,4,4
"221","CY169878_A_Boston_YGA_01186_2013","EPI417234_A_Victoria_361_2011_NA_NA_NA_NA",3,0,2,1,1,2,1,1,11,3,1,2,0,5,2,3
"222","CY170126_A_Boston_YGA_02003_2012","EPI417234_A_Victoria_361_2011_NA_NA_NA_NA",4,0,2,1,1,1,3,1,7,1,3,2,0,4,0,4
"223","CY170350_A_Boston_YGA_02039_2013","EPI417234_A_Victoria_361_2011_NA_NA_NA_NA",3,1,1,1,2,1,0,0,9,3,0,1,1,5,1,1
"224","CY170574_A_Santa_Clara_YGA_03016_2013","EPI417234_A_Victoria_361_2011_NA_NA_NA_NA",3,0,2,1,1,0,1,0,6,1,0,2,0,5,3,5
"225","CY170998_A_Santa_Clara_YGA_03074_2013","EPI417234_A_Victoria_361_2011_NA_NA_NA_NA",2,0,2,1,1,1,2,0,9,1,2,0,2,3,3,4
"226","CY171246_A_Chicago_YGA_04053_2012","EPI417234_A_Victoria_361_2011_NA_NA_NA_NA",2,0,1,1,1,0,1,0,9,0,2,1,2,1,1,4
"227","CY171270_A_Chicago_YGA_04056_2012","EPI417234_A_Victoria_361_2011_NA_NA_NA_NA",3,0,2,1,1,2,0,0,10,3,1,0,1,2,2,2
"228","CY171342_A_Chicago_YGA_04090_2012","EPI417234_A_Victoria_361_2011_NA_NA_NA_NA",3,1,1,1,1,1,1,0,11,1,1,4,2,4,3,3
"229","CY171406_A_Chicago_YGA_04102_2012","EPI417234_A_Victoria_361_2011_NA_NA_NA_NA",2,0,1,1,1,0,1,2,9,0,2,1,2,2,1,3
"230","CY171638_A_Chicago_YGA_04135_2013","EPI417234_A_Victoria_361_2011_NA_NA_NA_NA",3,0,1,1,1,1,1,1,10,0,2,2,2,3,1,4
"231","CY171734_A_Chicago_YGA_04198_2013","EPI417234_A_Victoria_361_2011_NA_NA_NA_NA",10,2,4,1,6,1,5,11,21,12,10,13,6,20,33,45
"232","CY172198_A_New_York_1001_2005","EPI367109_A_California_7_2004_NA_NA_NA_NA",2,4,2,6,1,10,1,4,10,7,9,21,3,25,26,25
"233","CY172390_A_New_York_1028_2006","EPI367109_A_California_7_2004_NA_NA_NA_NA",4,3,6,1,0,1,1,2,14,7,13,0,1,5,2,7
"234","CY173286_A_New_York_1155_2008","EPI502253_A_Wisconsin_67_2005_NA_NA_NA_NA",3,1,8,5,3,0,1,5,14,3,5,27,3,4,12,16
"235","CY182800_A_Houston_JMM_74_2012","EPI417234_A_Victoria_361_2011_NA_NA_NA_NA",2,0,2,1,1,0,1,1,8,0,0,2,1,3,4,4
"236","CY182848_A_Houston_JMM_80_2012","EPI417234_A_Victoria_361_2011_NA_NA_NA_NA",2,0,1,1,1,0,1,0,6,1,0,1,0,3,2,4
"237","CY182880_A_Houston_JMM_85_2012","EPI417234_A_Victoria_361_2011_NA_NA_NA_NA",2,0,0,1,1,0,1,0,6,0,1,1,1,4,4,5
"238","CY182960_A_Houston_JMM_96_2012","EPI417234_A_Victoria_361_2011_NA_NA_NA_NA",2,1,2,0,1,1,1,0,6,0,0,2,1,4,3,5
"239","CY183136_A_Houston_JMM_120_2013","EPI417234_A_Victoria_361_2011_NA_NA_NA_NA",5,0,1,1,2,1,0,1,9,2,1,2,1,4,1,2
"240","CY207362_A_New_York_WC_LVD_14_073_2014","EPI417234_A_Victoria_361_2011_NA_NA_NA_NA",10,0,3,1,1,2,0,2,14,2,1,5,2,11,7,10
"241","CY207634_A_New_York_WC_LVD_14_094_2014","EPI417234_A_Victoria_361_2011_NA_NA_NA_NA",9,0,4,1,4,6,0,1,11,2,7,7,0,9,11,9
"242","CY207882_A_New_York_WC_LVD_14_097_2014","EPI417234_A_Victoria_361_2011_NA_NA_NA_NA",9,0,2,1,1,3,0,2,13,4,0,7,1,11,5,13
"243","CY208845_A_Texas_182_2016","EPI614441_A_Switzerland_9715293_2013_NA_NA_NA_NA",19,0,6,1,2,10,0,2,15,5,11,19,7,25,19,18
"244","CY210604_A_Idaho_41_2016","EPI686117_A_Hong_Kong_15611_2015_NA_NA_NA",3,0,1,0,0,1,0,0,2,2,1,2,1,4,5,8
"245","CY211583_A_California_129_2016","EPI686117_A_Hong_Kong_15611_2015_NA_NA_NA",3,0,2,1,0,3,0,0,2,1,0,1,2,3,1,7
"246","CY212631_A_Nevada_55_2016","EPI686117_A_Hong_Kong_15611_2015_NA_NA_NA",8,1,1,0,1,2,0,0,5,2,2,2,3,18,5,7
"247","CY212887_A_California_184_2016","EPI686117_A_Hong_Kong_15611_2015_NA_NA_NA",3,0,2,0,0,0,1,0,4,0,3,2,2,7,5,8
"248","CY212895_A_California_187_2016","EPI686117_A_Hong_Kong_15611_2015_NA_NA_NA",20,1,12,2,7,7,1,5,24,9,14,18,8,29,34,36
"249","CY213847_A_Minnesota_76_2016","EPI686117_A_Hong_Kong_15611_2015_NA_NA_NA",10,0,3,1,3,1,0,1,9,1,6,8,4,14,10,8
"250","CY214207_A_Hawaii_103_2016","EPI686117_A_Hong_Kong_15611_2015_NA_NA_NA",10,0,3,1,3,1,0,2,11,1,6,8,6,14,10,9
"251","CY214479_A_Maryland_31_2016","EPI686117_A_Hong_Kong_15611_2015_NA_NA_NA",0,0,2,0,1,0,1,1,3,1,0,5,4,7,5,9
"252","CY214567_A_West_Virginia_01_2017","EPI686117_A_Hong_Kong_15611_2015_NA_NA_NA",1,2,3,0,0,1,0,2,1,1,0,2,0,8,3,7
"253","CY214879_A_California_214_2016","EPI686117_A_Hong_Kong_15611_2015_NA_NA_NA",2,1,1,1,0,1,2,0,4,2,1,1,3,3,4,7
"254","CY218123_A_Wisconsin_08_2017","EPI686117_A_Hong_Kong_15611_2015_NA_NA_NA",5,0,2,0,1,1,0,1,5,3,5,0,0,4,4,11
"255","CY220132_A_Texas_32_2017","EPI686117_A_Hong_Kong_15611_2015_NA_NA_NA",7,2,3,1,0,1,0,0,8,2,2,3,3,18,8,10
"256","CY220180_A_New_Jersey_07_2017","EPI686117_A_Hong_Kong_15611_2015_NA_NA_NA",2,1,2,0,1,1,1,0,5,1,1,4,6,7,4,9
"257","CY220548_A_Alabama_06_2017","EPI686117_A_Hong_Kong_15611_2015_NA_NA_NA",7,2,1,0,1,2,1,0,6,3,3,2,3,19,7,8
"258","CY221923_A_Texas_47_2017","EPI686117_A_Hong_Kong_15611_2015_NA_NA_NA",2,0,2,1,2,1,0,0,5,1,1,4,6,9,3,9
"259","CY223218_A_New_Mexico_11_2017","EPI686117_A_Hong_Kong_15611_2015_NA_NA_NA",8,1,1,0,1,1,0,0,8,2,1,6,4,17,7,5
"260","CY223691_A_Maryland_10_2017","EPI686117_A_Hong_Kong_15611_2015_NA_NA_NA",3,1,3,0,1,0,0,0,6,0,1,4,1,5,5,6
"261","CY223707_A_Ohio_05_2017","EPI686117_A_Hong_Kong_15611_2015_NA_NA_NA",8,0,8,3,4,2,0,4,14,2,12,7,0,16,14,17
"262","CY223731_A_Florida_10_2017","EPI686117_A_Hong_Kong_15611_2015_NA_NA_NA",5,0,4,2,3,0,0,2,7,4,8,1,2,6,13,10
"263","CY223739_A_Florida_11_2017","EPI686117_A_Hong_Kong_15611_2015_NA_NA_NA",8,1,8,2,4,0,0,3,13,2,9,10,3,12,14,13
"264","CY224883_A_Arizona_06_2017","EPI686117_A_Hong_Kong_15611_2015_NA_NA_NA",4,0,3,1,0,0,2,0,4,2,2,3,1,5,5,8
"265","CY225075_A_Georgia_06_2017","EPI686117_A_Hong_Kong_15611_2015_NA_NA_NA",3,1,2,2,5,0,2,3,9,4,9,1,4,5,10,11
"266","CY227443_A_Vermont_08_2017","EPI686117_A_Hong_Kong_15611_2015_NA_NA_NA",4,0,4,1,2,1,1,1,4,2,4,3,3,5,4,8
"267","CY227899_A_Delaware_19_2017","EPI686117_A_Hong_Kong_15611_2015_NA_NA_NA",23,2,11,1,4,0,4,3,27,6,14,7,2,9,17,11
"268","CY228314_A_South_Dakota_11_2017","EPI686117_A_Hong_Kong_15611_2015_NA_NA_NA",6,0,7,3,4,1,0,3,11,2,9,8,2,11,9,14
"269","CY228698_A_Wisconsin_39_2017","EPI686117_A_Hong_Kong_15611_2015_NA_NA_NA",7,0,1,2,3,0,0,2,9,3,9,2,2,7,16,16
"270","CY228730_A_Arkansas_18_2017","EPI686117_A_Hong_Kong_15611_2015_NA_NA_NA",22,2,4,0,2,0,0,1,26,5,2,4,3,8,4,11
"271","CY230042_A_Michigan_30_2017","EPI686117_A_Hong_Kong_15611_2015_NA_NA_NA",3,1,2,1,2,0,0,2,7,2,5,2,3,6,12,16
"272","CY230282_A_Tennessee_21_2017","EPI686117_A_Hong_Kong_15611_2015_NA_NA_NA",5,0,1,2,3,0,0,2,9,4,11,0,2,6,16,15
"273","CY230438_A_Delaware_19_2017","EPI686117_A_Hong_Kong_15611_2015_NA_NA_NA",23,2,11,1,4,0,4,3,27,6,14,7,2,9,17,11
"274","CY230551_A_West_Virginia_09_2017","EPI686117_A_Hong_Kong_15611_2015_NA_NA_NA",8,2,4,0,0,2,1,0,7,3,4,1,4,19,7,8
"275","CY230855_A_Oregon_14_2017","EPI686117_A_Hong_Kong_15611_2015_NA_NA_NA",3,2,1,0,2,1,0,0,6,2,7,3,3,22,4,6
"276","CY232473_A_Florida_34_2017","EPI686117_A_Hong_Kong_15611_2015_NA_NA_NA",22,0,13,0,1,1,0,0,25,0,15,4,1,7,3,7
"277","CY232567_A_North_Carolina_27_2017","EPI686117_A_Hong_Kong_15611_2015_NA_NA_NA",4,2,4,1,5,0,3,5,6,6,9,7,3,8,16,14
"278","CY235613_A_Washington_40_2017","EPI686117_A_Hong_Kong_15611_2015_NA_NA_NA",6,0,1,2,3,1,0,2,9,3,10,1,3,9,14,18
"279","CY235685_A_Nevada_12_2017","EPI686117_A_Hong_Kong_15611_2015_NA_NA_NA",5,0,3,2,1,0,1,1,7,2,1,5,1,5,4,7
"280","CY242099_A_Florida_29_2017","EPI686117_A_Hong_Kong_15611_2015_NA_NA_NA",8,2,1,0,0,2,1,1,5,3,2,3,3,17,7,7
"281","CY242347_A_Florida_50_2017","EPI686117_A_Hong_Kong_15611_2015_NA_NA_NA",9,1,2,0,3,2,0,0,8,4,5,4,4,18,7,12
"282","CY243548_A_Alaska_30_2017","EPI686117_A_Hong_Kong_15611_2015_NA_NA_NA",7,0,3,2,0,1,0,0,11,3,2,5,1,9,9,10
"283","CY243675_A_Alaska_46_2017","EPI686117_A_Hong_Kong_15611_2015_NA_NA_NA",7,0,3,2,1,0,0,0,11,3,2,5,1,9,10,9
"284","CY244478_A_California_60_2017","EPI686117_A_Hong_Kong_15611_2015_NA_NA_NA",6,0,5,2,5,0,0,3,7,3,7,2,2,6,20,12
"285","CY245203_A_Arizona_50_2017","EPI686117_A_Hong_Kong_15611_2015_NA_NA_NA",7,1,3,2,0,0,0,0,11,3,2,6,1,9,11,11
"286","CY245459_A_Hawaii_45_2017","EPI686117_A_Hong_Kong_15611_2015_NA_NA_NA",8,0,3,1,1,0,2,1,12,2,1,6,2,13,11,8
"287","CY250520_A_Arkansas_24_2017","EPI686117_A_Hong_Kong_15611_2015_NA_NA_NA",7,0,4,1,0,1,0,0,12,3,3,4,1,13,8,11
"288","CY257914_A_Florida_73_2017","EPI686117_A_Hong_Kong_15611_2015_NA_NA_NA",9,1,4,2,0,1,0,1,15,3,4,8,2,11,9,11
"289","CY257994_A_Massachusetts_16_2017","EPI686117_A_Hong_Kong_15611_2015_NA_NA_NA",7,0,2,0,1,0,0,0,3,5,5,4,3,6,13,12
"290","CY258177_A_New_York_36_2017","EPI686117_A_Hong_Kong_15611_2015_NA_NA_NA",7,0,4,1,1,1,1,3,7,6,1,2,1,9,17,23
"291","CY258305_A_Louisiana_57_2017","EPI686117_A_Hong_Kong_15611_2015_NA_NA_NA",9,0,3,1,0,1,0,0,11,3,4,5,1,12,10,10
"292","CY260353_A_California_86_2017","EPI686117_A_Hong_Kong_15611_2015_NA_NA_NA",5,0,3,1,0,0,0,2,11,5,1,3,3,5,14,12
"293","CY264049_A_Arizona_67_2016","EPI614441_A_Switzerland_9715293_2013_NA_NA_NA_NA",19,0,7,2,3,7,1,3,22,6,12,17,4,24,22,20
"294","CY264374_A_New_Hampshire_27_2017","EPI686117_A_Hong_Kong_15611_2015_NA_NA_NA",7,0,3,1,0,0,0,1,13,3,4,5,1,12,8,11
"295","CY264986_A_Pennsylvania_274_2017","EPI686117_A_Hong_Kong_15611_2015_NA_NA_NA",9,0,3,1,0,0,0,2,12,3,4,7,1,12,9,13
"296","CY266079_A_Florida_87_2017","EPI686117_A_Hong_Kong_15611_2015_NA_NA_NA",8,0,3,1,0,0,0,0,13,3,3,4,1,10,10,14
"297","EPI103320_A_Moscow_10_1999","EPI103320_A_Moscow_10_1999_NA_NA_NA_NA",0,0,0,0,0,0,0,0,0,0,0,0,0,0,0,0
"298","EPI358781_A_Fujian_411_2002","EPI103320_A_Moscow_10_1999_NA_NA_NA_NA",17,1,8,2,4,3,2,3,19,9,8,7,4,11,17,22
"299","EPI367109_A_California_7_2004","EPI103320_A_Moscow_10_1999_NA_NA_NA_NA",22,1,12,7,0,4,2,2,24,9,16,17,4,24,19,29
"300","EPI417234_A_Victoria_361_2011","EPI577969_A_Perth_16_2009_NA_NA_NA_NA",11,0,8,2,5,5,3,2,12,8,20,11,7,20,24,21
"301","EPI502253_A_Wisconsin_67_2005","EPI358781_A_Fujian_411_2002_NA_NA_NA_NA",9,1,6,1,4,4,4,1,10,1,7,13,0,11,11,18
"302","EPI556813_A_Texas_50_2012","EPI577969_A_Perth_16_2009_NA_NA_NA_NA",14,0,7,1,7,4,3,2,15,10,16,10,6,24,23,19
"303","EPI577969_A_Perth_16_2009","EPI577980_A_Brisbane_10_2007_NA_NA_NA_NA",6,1,1,1,3,3,1,2,7,4,5,8,1,8,4,10
"304","EPI577980_A_Brisbane_10_2007","EPI502253_A_Wisconsin_67_2005_NA_NA_NA_NA",2,0,7,5,1,0,0,3,9,2,5,24,4,3,11,16
"305","EPI614441_A_Switzerland_9715293_2013","EPI417234_A_Victoria_361_2011_NA_NA_NA_NA",8,0,0,0,2,7,0,0,7,2,5,6,2,6,8,8
"306","EPI686117_A_Hong_Kong_15611_2015","EPI614441_A_Switzerland_9715293_2013_NA_NA_NA_NA",16,0,7,2,3,7,0,3,16,4,11,16,4,20,19,16
"307","HQ664917_A_Nanjing_1655_2010","EPI577980_A_Brisbane_10_2007_NA_NA_NA_NA",12,1,7,2,3,4,4,6,13,7,7,7,4,17,15,20
"308","HQ664922_A_Nanjing_1654_2010","EPI577980_A_Brisbane_10_2007_NA_NA_NA_NA",8,3,11,3,4,3,8,6,15,5,8,9,5,15,18,17
"309","HQ664929_A_Nanjing_1663_2010","EPI577980_A_Brisbane_10_2007_NA_NA_NA_NA",12,5,6,1,3,5,8,6,15,6,5,7,4,18,21,21
"310","KC882441_A_Iowa_19_2010","EPI577969_A_Perth_16_2009_NA_NA_NA_NA",10,0,4,1,3,2,2,6,17,8,12,7,8,15,22,23
"311","KC882476_A_Texas_24_2010","EPI577969_A_Perth_16_2009_NA_NA_NA_NA",10,0,5,1,6,2,2,8,17,9,9,13,8,17,22,21
"312","KC882565_A_New_Jersey_01_2011","EPI577969_A_Perth_16_2009_NA_NA_NA_NA",10,1,5,1,5,4,4,1,10,9,16,12,3,17,17,9
"313","KC882641_A_Texas_06_2011","EPI577969_A_Perth_16_2009_NA_NA_NA_NA",11,2,7,1,3,2,2,6,17,9,10,6,7,15,21,22
"314","KC892843_A_Nevada_12_2012","EPI577969_A_Perth_16_2009_NA_NA_NA_NA",13,1,5,2,4,3,3,6,23,14,15,17,10,17,28,26
"315","KF034876_A_Suzhou_1275_2013","EPI417234_A_Victoria_361_2011_NA_NA_NA_NA",4,0,2,1,1,3,1,0,6,1,2,2,1,4,3,3
"316","KJ855376_A_Mexico_DIF835_2003","EPI103320_A_Moscow_10_1999_NA_NA_NA_NA",14,2,8,2,0,3,3,3,22,11,12,9,4,15,19,27
"317","KJ855424_A_Mexico_QUE2270_2005","EPI358781_A_Fujian_411_2002_NA_NA_NA_NA",8,2,8,1,2,4,2,0,11,1,6,14,1,6,10,20
"318","KJ855448_A_Mexico_DIF2662_2003","EPI103320_A_Moscow_10_1999_NA_NA_NA_NA",16,3,10,6,6,8,3,3,19,13,19,26,9,30,30,38
"319","KJ855472_A_Mexico_TLA2227_2005","EPI358781_A_Fujian_411_2002_NA_NA_NA_NA",8,1,6,1,2,6,3,0,12,2,9,13,1,6,10,21
"320","KR057629_A_Hawaii_39_2014","EPI417234_A_Victoria_361_2011_NA_NA_NA_NA",8,1,6,0,2,2,3,1,12,9,11,19,1,16,20,17
"321","KR057691_A_California_18_2014","EPI417234_A_Victoria_361_2011_NA_NA_NA_NA",12,0,1,1,2,2,3,1,7,4,3,10,1,13,2,13
"322","KR137644_A_Bethesda_NIH12_2011","EPI577969_A_Perth_16_2009_NA_NA_NA_NA",10,1,7,5,6,4,6,3,16,9,16,14,3,18,28,12
"323","KT835748_A_Maryland_02_2015","EPI417234_A_Victoria_361_2011_NA_NA_NA_NA",11,0,1,0,1,3,0,2,11,3,0,6,1,9,6,10
"324","KT835964_A_California_20_2015","EPI417234_A_Victoria_361_2011_NA_NA_NA_NA",11,2,3,1,4,2,1,2,9,6,6,20,2,17,17,9
"325","KT836015_A_North_Carolina_25_2015","EPI417234_A_Victoria_361_2011_NA_NA_NA_NA",9,0,1,1,1,2,0,4,11,3,1,7,5,8,9,8
"326","KT836198_A_North_Carolina_03_2015","EPI417234_A_Victoria_361_2011_NA_NA_NA_NA",10,0,2,0,2,2,0,2,10,4,4,5,3,10,6,12
"327","KT836316_A_West_Virginia_07_2015","EPI417234_A_Victoria_361_2011_NA_NA_NA_NA",10,0,1,0,2,2,0,2,13,2,4,6,3,10,7,13
"328","KT836426_A_Iowa_12_2015","EPI417234_A_Victoria_361_2011_NA_NA_NA_NA",10,1,2,1,1,4,1,2,13,6,0,9,1,12,5,12
"329","KT837113_A_California_19_2014","EPI417234_A_Victoria_361_2011_NA_NA_NA_NA",10,0,1,0,2,3,0,0,10,3,3,5,2,11,5,15
"330","KT837844_A_Colorado_15_2014","EPI417234_A_Victoria_361_2011_NA_NA_NA_NA",9,0,1,0,3,2,0,2,11,2,3,4,3,11,5,10
"331","KT837873_A_Mississippi_05_2014","EPI417234_A_Victoria_361_2011_NA_NA_NA_NA",10,0,2,1,1,4,0,3,11,4,0,9,1,11,7,11
"332","KT838103_A_Maryland_28_2014","EPI417234_A_Victoria_361_2011_NA_NA_NA_NA",9,0,2,0,4,2,0,4,10,2,0,7,1,9,7,12
"333","KT838296_A_Minnesota_28_2014","EPI417234_A_Victoria_361_2011_NA_NA_NA_NA",9,0,4,1,2,2,0,2,9,2,1,4,1,9,5,8
"334","KT838328_A_Louisiana_11_2014","EPI417234_A_Victoria_361_2011_NA_NA_NA_NA",11,0,3,1,2,2,1,3,8,4,6,20,1,15,18,10
"335","KT838891_A_Georgia_04_2014","EPI417234_A_Victoria_361_2011_NA_NA_NA_NA",10,0,1,1,2,2,0,2,10,3,0,4,3,10,5,10
"336","KT838993_A_Missouri_11_2014","EPI417234_A_Victoria_361_2011_NA_NA_NA_NA",13,0,3,2,5,1,1,2,9,5,6,20,1,17,16,9
"337","KT839062_A_Texas_62_2014","EPI417234_A_Victoria_361_2011_NA_NA_NA_NA",11,1,1,0,1,2,0,2,11,3,4,4,1,8,4,9
"338","KT839395_A_Pennsylvania_49_2014","EPI417234_A_Victoria_361_2011_NA_NA_NA_NA",11,1,2,0,3,2,0,1,8,3,3,5,3,13,5,17
"339","KT839657_A_Alabama_10_2014","EPI417234_A_Victoria_361_2011_NA_NA_NA_NA",10,2,2,1,1,4,1,2,11,4,6,7,4,10,7,11
"340","KT840076_A_Tennessee_15_2014","EPI417234_A_Victoria_361_2011_NA_NA_NA_NA",10,0,2,0,1,2,0,2,11,4,2,5,2,11,5,8
"341","KT840285_A_Virginia_37_2014","EPI417234_A_Victoria_361_2011_NA_NA_NA_NA",9,0,2,1,1,2,1,3,10,3,3,5,4,11,5,9
"342","KT840798_A_Massachusetts_23_2014","EPI417234_A_Victoria_361_2011_NA_NA_NA_NA",9,0,3,1,1,2,0,2,13,2,2,5,2,11,8,9
"343","KT840865_A_Washington_60_2014","EPI417234_A_Victoria_361_2011_NA_NA_NA_NA",12,1,7,1,2,1,3,2,8,8,6,20,1,15,16,19
"344","KT841078_A_California_43_2014","EPI417234_A_Victoria_361_2011_NA_NA_NA_NA",9,1,3,1,2,2,0,2,14,3,1,6,3,8,8,11
"345","KT841228_A_North_Carolina_06_2015","EPI417234_A_Victoria_361_2011_NA_NA_NA_NA",11,0,4,1,2,1,1,2,8,6,7,19,2,17,17,9
"346","KT841571_A_Rhode_Island_05_2015","EPI417234_A_Victoria_361_2011_NA_NA_NA_NA",9,0,4,1,1,2,0,2,15,2,1,7,2,9,9,9
"347","KT841585_A_South_Dakota_01_2015","EPI417234_A_Victoria_361_2011_NA_NA_NA_NA",9,0,2,0,2,2,0,2,10,3,3,4,3,10,6,12
"348","KT841691_A_Kentucky_01_2015","EPI417234_A_Victoria_361_2011_NA_NA_NA_NA",11,0,1,0,3,2,0,2,10,3,4,4,3,15,8,15
"349","KT841712_A_Wisconsin_02_2015","EPI417234_A_Victoria_361_2011_NA_NA_NA_NA",9,0,3,1,2,3,0,2,11,3,5,5,3,12,6,10
"350","KT842043_A_Indiana_13_2015","EPI417234_A_Victoria_361_2011_NA_NA_NA_NA",11,0,1,1,5,4,1,2,16,3,2,6,2,13,7,10
"351","KT842079_A_Pennsylvania_05_2015","EPI417234_A_Victoria_361_2011_NA_NA_NA_NA",9,1,3,1,2,3,0,4,14,4,3,6,3,13,8,9
"352","KT842218_A_Delaware_18_2015","EPI417234_A_Victoria_361_2011_NA_NA_NA_NA",9,0,2,1,3,2,0,2,12,3,1,6,2,13,5,11
"353","KT842837_A_South_Dakota_35_2015","EPI417234_A_Victoria_361_2011_NA_NA_NA_NA",9,0,5,1,3,2,1,2,10,3,4,6,1,12,5,11
"354","KT842864_A_North_Dakota_06_2015","EPI417234_A_Victoria_361_2011_NA_NA_NA_NA",11,0,2,0,1,2,0,2,11,3,4,7,4,11,13,7
"355","KT843589_A_Iowa_34_2015","EPI417234_A_Victoria_361_2011_NA_NA_NA_NA",9,0,3,0,1,2,1,2,17,3,1,8,2,12,10,11
"356","KT843646_A_Alaska_26_2015","EPI417234_A_Victoria_361_2011_NA_NA_NA_NA",10,0,3,1,2,3,0,2,18,2,6,8,2,14,10,14
"357","KT843896_A_Ohio_26_2015","EPI417234_A_Victoria_361_2011_NA_NA_NA_NA",10,0,3,1,2,2,1,2,14,2,4,6,3,11,13,9
"358","KT844012_A_Iowa_28_2015","EPI417234_A_Victoria_361_2011_NA_NA_NA_NA",9,0,3,1,1,2,1,2,18,3,1,8,2,12,10,11
"359","KT844048_A_Washington_36_2015","EPI417234_A_Victoria_361_2011_NA_NA_NA_NA",14,1,2,1,1,2,0,3,11,4,4,4,1,9,7,12
"360","KT844075_A_Alaska_69_2015","EPI417234_A_Victoria_361_2011_NA_NA_NA_NA",9,0,3,0,1,2,1,2,16,3,1,7,2,12,9,11
"361","KT888257_A_Moscow_1514A00504942N_2012","EPI577969_A_Perth_16_2009_NA_NA_NA_NA",10,0,9,5,6,3,4,3,15,8,14,9,4,14,31,12
"362","KT888258_A_Moscow_1514A00504950T_2012","EPI577969_A_Perth_16_2009_NA_NA_NA_NA",12,0,6,1,4,3,3,3,13,6,17,10,3,13,27,13
"363","KT888259_A_Moscow_1514A00505149T_2012","EPI577969_A_Perth_16_2009_NA_NA_NA_NA",13,1,8,3,7,3,4,7,15,9,22,15,4,18,25,18
"364","KT888260_A_Moscow_1514A00505153N_2012","EPI577969_A_Perth_16_2009_NA_NA_NA_NA",13,1,8,3,7,3,4,7,15,9,22,15,4,18,25,18
"365","KT888261_A_Moscow_1514A00505162N_2012","EPI577969_A_Perth_16_2009_NA_NA_NA_NA",13,1,8,3,7,3,4,7,15,9,22,15,4,18,25,18
"366","KT888262_A_Mexico_City_1514A00904139N_CP2_2010","EPI577969_A_Perth_16_2009_NA_NA_NA_NA",10,0,3,1,4,2,2,6,19,9,9,7,7,15,19,23
"367","KT888267_A_Amman_1514A01004462T_2012","EPI577969_A_Perth_16_2009_NA_NA_NA_NA",13,2,8,1,4,3,4,3,16,9,18,9,5,20,26,19
"368","KT888268_A_Amman_1514A01004465T_2011","EPI577969_A_Perth_16_2009_NA_NA_NA_NA",13,2,8,1,4,3,3,3,16,9,18,9,5,20,26,20
"369","KT888272_A_Kabul_1514A01305430N_2013","EPI417234_A_Victoria_361_2011_NA_NA_NA_NA",3,0,0,1,1,1,0,0,11,3,3,2,1,2,1,2
"370","KT888275_A_Hong_Kong_1514A01704826T_2011","EPI577969_A_Perth_16_2009_NA_NA_NA_NA",14,0,7,1,5,4,3,2,16,8,17,9,5,22,20,19
"371","KT888276_A_Taipei_1514A02605215N_2013","EPI417234_A_Victoria_361_2011_NA_NA_NA_NA",3,1,1,1,1,1,0,0,6,2,1,1,1,7,0,7
"372","KT888277_A_Taipei_1514A02605215T_2013","EPI417234_A_Victoria_361_2011_NA_NA_NA_NA",3,1,1,1,1,1,1,0,6,2,1,1,1,7,0,7
"373","KT888279_A_Prague_1514A06404885N_2012","EPI577969_A_Perth_16_2009_NA_NA_NA_NA",13,0,6,1,6,4,3,2,16,8,18,8,5,20,23,20
"374","KT888280_A_Pristina_1514A06505401N_2013","EPI417234_A_Victoria_361_2011_NA_NA_NA_NA",4,0,1,1,1,1,3,1,6,1,1,0,1,1,2,4
"375","KT888281_A_Sarajevo_1514A06604486N_2012","EPI577969_A_Perth_16_2009_NA_NA_NA_NA",12,0,6,2,3,4,2,6,20,10,13,8,11,22,23,27
"376","KT888283_A_Budapest_1514A07804502N_2011","EPI577969_A_Perth_16_2009_NA_NA_NA_NA",10,0,7,1,5,4,4,3,11,5,17,11,3,14,25,10
"377","KT888284_A_Budapest_1514A07805419T_2013","EPI417234_A_Victoria_361_2011_NA_NA_NA_NA",3,0,1,0,1,1,0,0,12,2,2,3,1,2,1,4
"378","KT888285_A_Budapest_1514A07805832T_2013","EPI417234_A_Victoria_361_2011_NA_NA_NA_NA",3,0,1,0,1,1,0,0,12,3,3,3,1,2,1,3
"379","KT888944_A_Yokosuka_SE680_2012","EPI577969_A_Perth_16_2009_NA_NA_NA_NA",10,0,5,1,5,5,3,2,19,7,16,12,3,15,27,10
"380","KT888945_A_Yokosuka_SE863_2012","EPI577969_A_Perth_16_2009_NA_NA_NA_NA",11,0,8,1,4,3,5,2,13,5,16,13,3,15,24,15
"381","KT889082_A_Japan_17_2012","EPI577969_A_Perth_16_2009_NA_NA_NA_NA",10,0,5,1,5,3,3,2,16,6,16,13,5,15,28,11
"382","KT889083_A_Korea_18_2012","EPI577969_A_Perth_16_2009_NA_NA_NA_NA",13,1,8,2,7,6,3,3,15,9,19,10,8,19,26,16
"383","KT889087_A_Japan_22_2011","EPI577969_A_Perth_16_2009_NA_NA_NA_NA",13,2,6,2,6,6,2,6,20,11,12,10,11,20,25,25
"384","KT889091_A_Japan_26_2012","EPI577969_A_Perth_16_2009_NA_NA_NA_NA",13,1,7,4,6,3,5,3,16,8,24,13,4,19,30,16
"385","KT889099_A_Korea_37_2012","EPI577969_A_Perth_16_2009_NA_NA_NA_NA",14,0,6,1,6,4,3,2,14,8,17,10,7,22,21,19
"386","KT889102_A_Kyrgyzstan_40_2012","EPI577969_A_Perth_16_2009_NA_NA_NA_NA",14,0,6,1,5,4,3,2,14,10,16,10,6,23,23,17
"387","KT889103_A_Kyrgyzstan_41_2012","EPI577969_A_Perth_16_2009_NA_NA_NA_NA",14,0,6,1,5,4,4,2,14,10,16,9,6,21,23,18
"388","KT889104_A_Japan_42_2012","EPI577969_A_Perth_16_2009_NA_NA_NA_NA",10,0,5,1,5,4,6,2,16,6,16,13,5,15,28,11
"389","KT889105_A_Japan_43_2012","EPI577969_A_Perth_16_2009_NA_NA_NA_NA",10,0,5,1,5,4,3,2,16,6,16,13,5,15,26,11
"390","KT889107_A_Korea_45_2012","EPI577969_A_Perth_16_2009_NA_NA_NA_NA",11,1,6,1,6,3,3,2,14,6,18,14,4,19,28,11
"391","KT889108_A_Korea_47_2012","EPI577969_A_Perth_16_2009_NA_NA_NA_NA",13,1,8,2,5,5,3,3,15,8,18,10,5,24,24,17
"392","KU589864_A_New_Hampshire_40_2015","EPI417234_A_Victoria_361_2011_NA_NA_NA_NA",12,1,1,1,3,3,0,3,13,4,6,4,3,11,10,11
"393","KU590701_A_Ohio_28_2015","EPI417234_A_Victoria_361_2011_NA_NA_NA_NA",10,0,3,1,1,2,2,4,18,3,1,9,2,10,9,13
"394","KU591160_A_Hawaii_68_2015","EPI614441_A_Switzerland_9715293_2013_NA_NA_NA_NA",16,1,6,1,2,9,0,2,16,7,12,13,4,17,14,18
"395","KU592163_A_Hawaii_74_2015","EPI614441_A_Switzerland_9715293_2013_NA_NA_NA_NA",15,0,6,1,2,7,0,3,13,5,11,19,5,21,20,19
"396","KU592184_A_South_Dakota_39_2015","EPI614441_A_Switzerland_9715293_2013_NA_NA_NA_NA",15,0,6,1,2,7,0,3,19,4,8,14,4,17,18,18
"397","KX412042_A_Iowa_45_2015","EPI614441_A_Switzerland_9715293_2013_NA_NA_NA_NA",18,2,4,1,2,8,1,3,16,5,13,12,5,20,15,19
"398","KX413283_A_Georgia_40_2016","EPI614441_A_Switzerland_9715293_2013_NA_NA_NA_NA",2,1,9,2,4,6,0,1,9,12,15,11,4,16,13,30
"399","KX414582_A_Washington_26_2016","EPI614441_A_Switzerland_9715293_2013_NA_NA_NA_NA",15,0,6,1,2,8,1,2,13,5,9,15,6,21,15,20
"400","KX416117_A_Washington_47_2016","EPI614441_A_Switzerland_9715293_2013_NA_NA_NA_NA",16,0,7,2,3,7,1,2,12,9,9,19,5,23,21,20
"401","KX416429_A_Hawaii_28_2016","EPI614441_A_Switzerland_9715293_2013_NA_NA_NA_NA",16,1,7,1,1,8,0,3,15,5,11,16,6,18,15,22
"402","KX416829_A_Washington_55_2016","EPI614441_A_Switzerland_9715293_2013_NA_NA_NA_NA",4,1,7,2,3,6,2,2,6,13,14,14,3,16,14,31
"403","KX417005_A_Texas_136_2016","EPI614441_A_Switzerland_9715293_2013_NA_NA_NA_NA",5,2,8,1,2,6,1,1,7,11,13,11,2,16,16,32
"404","KX916993_A_California_12_2016","EPI614441_A_Switzerland_9715293_2013_NA_NA_NA_NA",15,1,8,1,2,8,1,5,18,7,8,14,4,19,20,20
"405","KX918281_A_Kentucky_26_2016","EPI614441_A_Switzerland_9715293_2013_NA_NA_NA_NA",3,1,9,2,5,7,1,1,9,12,17,12,5,19,16,30
"406","KY049985_A_Qinghai_178_2010","EPI577980_A_Brisbane_10_2007_NA_NA_NA_NA",8,1,8,1,3,5,5,4,16,6,7,6,4,17,19,19
"407","KY115915_A_Nebraska_24_2016","EPI614441_A_Switzerland_9715293_2013_NA_NA_NA_NA",20,0,6,1,2,8,0,2,14,5,12,18,8,25,17,17
"408","KY116931_A_Alaska_232_2015","EPI417234_A_Victoria_361_2011_NA_NA_NA_NA",12,0,5,1,3,2,0,3,15,2,3,7,3,14,12,12
"409","KY487521_A_Columbia_P0079_2014","EPI417234_A_Victoria_361_2011_NA_NA_NA_NA",11,0,2,1,2,2,0,2,11,3,1,4,2,12,5,10
"410","KY487603_A_Taipei_0020_2016","EPI614441_A_Switzerland_9715293_2013_NA_NA_NA_NA",18,0,9,2,6,7,0,4,17,4,11,16,7,20,21,16
"411","KY487612_A_Linkou_0081_2016","EPI614441_A_Switzerland_9715293_2013_NA_NA_NA_NA",14,0,8,2,1,8,2,4,15,6,16,16,5,25,22,20
"412","KY509826_A_Chungbuk_107_2016","EPI614441_A_Switzerland_9715293_2013_NA_NA_NA_NA",2,3,9,3,2,0,1,5,4,15,10,26,3,7,10,1
"413","KY509827_A_Gyeonggi_458_2016","EPI614441_A_Switzerland_9715293_2013_NA_NA_NA_NA",15,1,13,2,7,2,1,7,18,12,10,16,6,11,6,2
"414","KY509828_A_Seoul_1595_2015","EPI417234_A_Victoria_361_2011_NA_NA_NA_NA",10,0,5,0,8,3,2,8,14,3,4,19,7,10,17,12
"415","KY615384_A_Keelung_0026_2016","EPI614441_A_Switzerland_9715293_2013_NA_NA_NA_NA",15,0,8,1,2,7,2,2,16,5,11,16,5,25,19,20
"416","KY615536_A_Columbia_P0112_2014","EPI417234_A_Victoria_361_2011_NA_NA_NA_NA",9,0,1,1,2,3,0,4,10,4,3,5,4,9,8,8
"417","KY615571_A_Taipei_0011_2015","EPI614441_A_Switzerland_9715293_2013_NA_NA_NA_NA",16,0,4,2,3,7,0,5,16,6,8,15,6,16,19,20
"418","KY681484_A_Saudi_Arabia_07_2014","EPI417234_A_Victoria_361_2011_NA_NA_NA_NA",8,1,3,0,2,5,1,0,9,4,6,7,1,8,12,10
"419","KY681500_A_Saudi_Arabia_28_2015","EPI417234_A_Victoria_361_2011_NA_NA_NA_NA",9,0,4,1,2,2,0,2,17,2,2,9,2,11,9,11
"420","KY949675_A_Linkou_0175_2016","EPI686117_A_Hong_Kong_15611_2015_NA_NA_NA",8,0,7,3,5,1,0,4,12,3,10,7,0,12,7,12
"421","KY949682_A_Linkou_0191_2016","EPI686117_A_Hong_Kong_15611_2015_NA_NA_NA",8,0,7,3,4,1,0,4,12,4,10,7,0,13,7,14
"422","KY949699_A_Linkou_0187_2016","EPI686117_A_Hong_Kong_15611_2015_NA_NA_NA",7,1,1,0,0,1,0,0,6,2,2,3,2,19,4,4
"423","KY949700_A_Keelung_0082_2016","EPI686117_A_Hong_Kong_15611_2015_NA_NA_NA",1,0,2,0,0,0,0,0,2,0,1,3,1,5,7,7
"424","KY949766_A_Taipei_0088_2016","EPI686117_A_Hong_Kong_15611_2015_NA_NA_NA",2,0,3,0,0,0,0,0,1,0,0,3,1,6,7,8
"425","KY949786_A_Keelung_0097_2016","EPI686117_A_Hong_Kong_15611_2015_NA_NA_NA",1,0,2,0,0,0,1,1,1,0,1,2,2,5,5,7
"426","KY949826_A_Taipei_0092_2016","EPI686117_A_Hong_Kong_15611_2015_NA_NA_NA",2,0,2,0,0,1,2,0,2,0,3,5,1,8,3,12
"427","KY949862_A_Keelung_0089_2016","EPI686117_A_Hong_Kong_15611_2015_NA_NA_NA",6,0,4,2,4,2,2,1,8,3,1,4,1,10,9,7
"428","KY949934_A_Keelung_0099_2016","EPI686117_A_Hong_Kong_15611_2015_NA_NA_NA",1,0,2,0,0,0,1,0,1,0,1,2,1,5,5,7
"429","KY949967_A_Linkou_0169_2016","EPI686117_A_Hong_Kong_15611_2015_NA_NA_NA",1,0,2,0,1,0,0,1,1,0,0,2,1,6,4,8
"430","KY950051_A_Linkou_0186_2016","EPI686117_A_Hong_Kong_15611_2015_NA_NA_NA",3,0,3,1,3,0,1,4,5,3,7,0,2,3,13,12
"431","KY950096_A_Linkou_0181_2016","EPI686117_A_Hong_Kong_15611_2015_NA_NA_NA",7,0,7,3,4,1,1,3,10,4,8,7,0,12,9,11
"432","KY950133_A_Keelung_0095_2016","EPI686117_A_Hong_Kong_15611_2015_NA_NA_NA",1,0,2,0,0,0,1,0,2,1,2,2,1,5,5,7
"433","KY950211_A_Linkou_0185_2016","EPI686117_A_Hong_Kong_15611_2015_NA_NA_NA",9,0,7,2,4,0,1,3,13,4,9,6,1,9,9,11
"434","LC032870_A_Kyoto_13K025_2014","EPI417234_A_Victoria_361_2011_NA_NA_NA_NA",6,1,4,0,3,2,1,0,6,10,4,20,0,11,15,14
"435","LC032886_A_Kyoto_13K054_2014","EPI417234_A_Victoria_361_2011_NA_NA_NA_NA",5,0,2,1,2,2,2,0,6,1,2,1,1,6,7,7
"436","LC032990_A_Hokkaido_13H009_2014","EPI417234_A_Victoria_361_2011_NA_NA_NA_NA",7,0,6,0,2,1,2,0,6,9,4,18,1,10,14,11
"437","LC033126_A_Niigata_13F024_2014","EPI417234_A_Victoria_361_2011_NA_NA_NA_NA",8,0,0,0,3,6,1,0,8,2,5,4,2,7,8,9
"438","LC033134_A_Niigata_13F335_2014","EPI417234_A_Victoria_361_2011_NA_NA_NA_NA",4,1,1,1,3,3,1,2,12,6,0,3,1,8,4,5
"439","LC033302_A_Nagasaki_13N004_2014","EPI417234_A_Victoria_361_2011_NA_NA_NA_NA",5,0,2,1,1,2,2,1,7,2,5,0,0,3,5,5
"440","LC033310_A_Nagasaki_13N007_2014","EPI417234_A_Victoria_361_2011_NA_NA_NA_NA",5,1,0,1,1,0,3,0,6,1,3,2,1,4,6,8
"441","LC033326_A_Nagasaki_13N046_2014","EPI417234_A_Victoria_361_2011_NA_NA_NA_NA",5,0,1,1,2,2,0,2,14,3,0,5,0,7,5,10
"442","MF736980_A_Vologda_CRIE_172_2016","EPI686117_A_Hong_Kong_15611_2015_NA_NA_NA",6,0,4,2,4,0,2,4,11,4,12,8,1,10,18,16
"443","MF736996_A_Karachay_Cherkess_CRIE_301_2017","EPI686117_A_Hong_Kong_15611_2015_NA_NA_NA",8,1,7,2,4,0,1,4,12,3,9,8,1,9,13,17
"444","MF783012_A_Rochester_U029_2017","EPI686117_A_Hong_Kong_15611_2015_NA_NA_NA",6,1,3,2,3,0,2,2,8,4,9,1,2,8,14,14
"445","MG198917_A_Guangdong_SKLRD01_2017","EPI686117_A_Hong_Kong_15611_2015_NA_NA_NA",5,0,5,4,1,1,0,2,7,3,1,4,3,5,12,15
"446","MG856322_A_Karachay_Cherkess_CRIE_296_2016","EPI686117_A_Hong_Kong_15611_2015_NA_NA_NA",8,0,8,3,4,0,0,3,11,4,9,10,1,10,11,11
"447","MG974447_A_Kansas_14_2017","EPI686117_A_Hong_Kong_15611_2015_NA_NA_NA",23,2,6,0,5,0,0,1,29,5,4,4,3,10,4,13
"448","MG984174_A_Shanghai_1_2016","EPI614441_A_Switzerland_9715293_2013_NA_NA_NA_NA",18,2,8,2,4,9,2,3,22,7,12,18,9,37,26,24
"449","MG984182_A_Shanghai_10_2017","EPI686117_A_Hong_Kong_15611_2015_NA_NA_NA",1,1,3,0,1,1,1,0,3,2,1,4,3,17,6,6
"450","MG984190_A_Shanghai_11_2017","EPI686117_A_Hong_Kong_15611_2015_NA_NA_NA",7,2,3,0,0,1,1,0,8,2,1,3,1,18,6,8
"451","MG984198_A_Shanghai_12_2017","EPI686117_A_Hong_Kong_15611_2015_NA_NA_NA",7,1,3,0,0,1,1,0,8,2,2,4,1,17,6,6
"452","MG984222_A_Shanghai_15_2017","EPI686117_A_Hong_Kong_15611_2015_NA_NA_NA",8,1,4,0,1,2,2,0,9,3,2,3,2,16,4,7
"453","MG984230_A_Shanghai_16_2017","EPI686117_A_Hong_Kong_15611_2015_NA_NA_NA",9,0,6,0,1,1,1,0,8,3,2,4,5,16,6,10
"454","MG984238_A_Shanghai_17_2017","EPI686117_A_Hong_Kong_15611_2015_NA_NA_NA",8,0,5,0,2,2,1,0,9,3,2,2,4,19,6,6
"455","MG984246_A_Shanghai_18_2017","EPI686117_A_Hong_Kong_15611_2015_NA_NA_NA",8,0,3,1,2,1,0,0,9,1,1,1,4,17,6,8
"456","MG984254_A_Shanghai_19_2017","EPI686117_A_Hong_Kong_15611_2015_NA_NA_NA",7,1,4,1,1,1,0,0,7,2,3,2,3,18,6,10
"457","MG984270_A_Shanghai_20_2017","EPI686117_A_Hong_Kong_15611_2015_NA_NA_NA",8,1,3,0,2,1,1,0,9,2,1,3,4,18,4,10
"458","MG984278_A_Shanghai_21_2017","EPI686117_A_Hong_Kong_15611_2015_NA_NA_NA",10,1,3,0,2,2,2,0,8,2,1,3,4,19,7,8
"459","MG984286_A_Shanghai_29_2017","EPI686117_A_Hong_Kong_15611_2015_NA_NA_NA",6,0,5,1,2,1,0,3,7,3,1,2,4,4,14,17
"460","MG984302_A_Shanghai_30_2017","EPI686117_A_Hong_Kong_15611_2015_NA_NA_NA",7,0,4,1,4,0,0,3,11,3,1,2,3,8,14,13
"461","MG984310_A_Shanghai_31_2017","EPI686117_A_Hong_Kong_15611_2015_NA_NA_NA",5,1,4,1,2,0,0,3,7,3,6,2,4,17,6,17
"462","MG984318_A_Shanghai_32_2017","EPI686117_A_Hong_Kong_15611_2015_NA_NA_NA",8,0,6,1,2,1,0,3,18,1,1,1,4,4,13,12
"463","MG984326_A_Shanghai_33_2017","EPI686117_A_Hong_Kong_15611_2015_NA_NA_NA",6,0,5,1,2,1,1,3,7,1,1,2,2,5,13,18
"464","MG984342_A_Shanghai_35_2017","EPI686117_A_Hong_Kong_15611_2015_NA_NA_NA",8,0,6,1,2,0,1,3,11,3,1,2,4,8,13,18
"465","MG984350_A_Shanghai_36_2017","EPI686117_A_Hong_Kong_15611_2015_NA_NA_NA",5,0,4,1,1,2,0,3,12,3,4,1,2,4,14,12
"466","MG984358_A_Shanghai_37_2017","EPI686117_A_Hong_Kong_15611_2015_NA_NA_NA",6,0,4,1,1,1,1,3,7,2,1,2,1,5,14,17
"467","MG984366_A_Shanghai_38_2017","EPI686117_A_Hong_Kong_15611_2015_NA_NA_NA",7,0,7,1,1,1,0,3,11,3,1,2,1,4,14,13
"468","MG984390_A_Shanghai_40_2017","EPI686117_A_Hong_Kong_15611_2015_NA_NA_NA",5,0,6,1,1,1,0,3,7,3,4,1,3,4,13,18
"469","MG984398_A_Shanghai_41_2017","EPI686117_A_Hong_Kong_15611_2015_NA_NA_NA",7,0,5,1,0,1,1,3,11,3,4,2,1,4,13,13
"470","MG984414_A_Shanghai_43_2017","EPI686117_A_Hong_Kong_15611_2015_NA_NA_NA",6,0,5,1,0,0,0,3,7,2,2,2,1,8,14,12
"471","MG984430_A_Shanghai_45_2017","EPI686117_A_Hong_Kong_15611_2015_NA_NA_NA",6,0,4,1,3,2,1,3,7,3,1,2,3,5,13,18
"472","MG984438_A_Shanghai_46_2017","EPI686117_A_Hong_Kong_15611_2015_NA_NA_NA",9,0,6,1,0,1,1,4,11,3,1,2,1,4,14,12
"473","MG984446_A_Shanghai_47_2017","EPI686117_A_Hong_Kong_15611_2015_NA_NA_NA",6,0,6,1,0,0,0,3,7,1,1,2,1,8,13,17
"474","MG984462_A_Shanghai_49_2017","EPI686117_A_Hong_Kong_15611_2015_NA_NA_NA",6,1,7,1,2,1,0,3,7,2,1,2,4,5,15,12
"475","MG984478_A_Shanghai_50_2017","EPI686117_A_Hong_Kong_15611_2015_NA_NA_NA",7,1,4,1,0,2,0,3,11,2,4,2,1,4,13,18
"476","MG984486_A_Shanghai_51_2017","EPI686117_A_Hong_Kong_15611_2015_NA_NA_NA",5,1,5,1,0,1,1,3,13,2,1,2,1,8,14,13
"477","MG984502_A_Shanghai_53_2017","EPI686117_A_Hong_Kong_15611_2015_NA_NA_NA",8,1,5,1,1,1,0,3,11,2,2,2,3,5,13,12
"478","MG984518_A_Shanghai_7_2016","EPI686117_A_Hong_Kong_15611_2015_NA_NA_NA",8,1,3,0,1,1,2,0,9,2,2,4,2,16,7,10
"479","MH637447_A_Linkou_0335_2017","EPI686117_A_Hong_Kong_15611_2015_NA_NA_NA",7,0,4,1,0,1,0,5,10,5,4,0,1,3,17,17
"480","MH637456_A_Linkou_0266_2017","EPI686117_A_Hong_Kong_15611_2015_NA_NA_NA",5,1,5,1,0,3,0,3,6,5,2,1,1,3,15,15
"481","MH637483_A_Baltimore_P0247_2018","EPI686117_A_Hong_Kong_15611_2015_NA_NA_NA",8,0,3,1,0,0,0,2,13,3,4,7,1,12,9,12
"482","MH637488_A_Baltimore_P0279_2018","EPI686117_A_Hong_Kong_15611_2015_NA_NA_NA",23,2,6,0,5,0,0,2,30,6,4,4,3,10,4,14
"483","MH637511_A_Baltimore_P0243_2018","EPI686117_A_Hong_Kong_15611_2015_NA_NA_NA",23,2,6,0,5,1,1,1,29,6,6,4,4,10,6,13
"484","MH637528_A_Baltimore_P0241_2018","EPI686117_A_Hong_Kong_15611_2015_NA_NA_NA",24,2,6,0,6,0,1,0,29,5,4,5,3,11,4,15
"485","MH637557_A_Keelung_0113_2017","EPI686117_A_Hong_Kong_15611_2015_NA_NA_NA",1,0,3,1,0,0,0,0,0,1,1,4,0,9,4,7
"486","MH637565_A_Baltimore_P0255_2018","EPI686117_A_Hong_Kong_15611_2015_NA_NA_NA",7,0,3,1,0,0,0,1,16,4,6,7,3,10,10,12
"487","MH637576_A_Linkou_0302_2017","EPI686117_A_Hong_Kong_15611_2015_NA_NA_NA",9,0,7,2,6,0,0,4,13,2,13,8,2,14,12,16
"488","MH637596_A_Baltimore_P0304_2018","EPI686117_A_Hong_Kong_15611_2015_NA_NA_NA",8,0,3,1,2,0,0,1,12,4,4,8,1,13,10,13
"489","MH637603_A_Baltimore_P0238_2018","EPI686117_A_Hong_Kong_15611_2015_NA_NA_NA",8,1,4,1,0,0,0,0,12,6,5,5,1,16,11,10
"490","MH637648_A_Taipei_0122_2017","EPI686117_A_Hong_Kong_15611_2015_NA_NA_NA",7,1,1,0,0,1,0,0,5,4,1,2,6,17,7,7
"491","MH637673_A_Baltimore_P0237_2018","EPI686117_A_Hong_Kong_15611_2015_NA_NA_NA",7,0,4,1,2,0,0,1,12,3,4,5,3,12,9,12
"492","MH637679_A_Taipei_0123_2017","EPI686117_A_Hong_Kong_15611_2015_NA_NA_NA",8,1,7,3,5,1,1,3,12,3,11,7,1,13,7,16
"493","MH637687_A_Baltimore_P0286_2018","EPI686117_A_Hong_Kong_15611_2015_NA_NA_NA",11,0,3,1,0,1,2,1,12,3,4,6,1,14,13,13
"494","MH637707_A_Keelung_0161_2017","EPI686117_A_Hong_Kong_15611_2015_NA_NA_NA",5,0,4,1,0,1,2,4,7,5,2,0,1,4,14,14
"495","MH637726_A_Baltimore_P0239_2018","EPI686117_A_Hong_Kong_15611_2015_NA_NA_NA",8,0,3,1,0,1,2,1,13,3,5,7,1,13,9,12
"496","MH637730_A_Baltimore_P0283_2018","EPI686117_A_Hong_Kong_15611_2015_NA_NA_NA",23,2,7,0,5,1,1,1,30,5,4,5,3,10,5,14
"497","MH637747_A_Baltimore_P0232_2018","EPI686117_A_Hong_Kong_15611_2015_NA_NA_NA",9,0,6,1,0,1,0,2,13,2,3,6,1,13,9,9
"498","MH637752_A_Linkou_0206_2017","EPI686117_A_Hong_Kong_15611_2015_NA_NA_NA",4,1,2,0,1,0,4,2,8,2,0,3,3,4,8,9
"499","MH637768_A_Baltimore_P0242_2018","EPI686117_A_Hong_Kong_15611_2015_NA_NA_NA",7,1,4,1,2,0,1,1,12,3,4,5,3,12,10,12
"500","MH637783_A_Baltimore_P0244_2018","EPI686117_A_Hong_Kong_15611_2015_NA_NA_NA",7,0,3,1,0,0,0,1,16,4,6,7,3,10,10,12
"501","MH637808_A_Baltimore_P0298_2018","EPI686117_A_Hong_Kong_15611_2015_NA_NA_NA",8,0,3,1,0,0,0,1,12,3,7,7,1,13,10,14
"502","MH701747_A_New_Jersey_93924_2018","EPI686117_A_Hong_Kong_15611_2015_NA_NA_NA",7,1,3,2,0,0,2,1,14,3,4,4,4,12,13,12
"503","MH701755_A_New_Jersey_93934_2018","EPI686117_A_Hong_Kong_15611_2015_NA_NA_NA",7,1,3,2,0,0,2,1,14,3,4,4,4,12,13,12
"504","MK159064_A_Jeonbuk_736_2017","EPI686117_A_Hong_Kong_15611_2015_NA_NA_NA",8,2,4,0,0,2,1,1,10,3,0,2,3,23,9,8
"505","MK159072_A_Gyeongbuk_745_2017","EPI686117_A_Hong_Kong_15611_2015_NA_NA_NA",8,1,2,1,2,3,2,1,10,2,1,6,3,18,12,12
"506","MK640845_A_China_38887_2012","EPI577969_A_Perth_16_2009_NA_NA_NA_NA",14,0,10,2,5,7,3,3,19,9,21,12,7,24,28,23
"507","MK640846_A_China_38888_2012","EPI577969_A_Perth_16_2009_NA_NA_NA_NA",14,0,7,1,5,5,4,3,16,9,20,9,7,26,26,22
"508","MK640847_A_China_39207_2012","EPI577969_A_Perth_16_2009_NA_NA_NA_NA",15,0,9,1,6,4,4,3,17,9,18,11,5,19,29,25
"509","MK640848_A_China_41303_2012","EPI417234_A_Victoria_361_2011_NA_NA_NA_NA",4,1,2,1,3,1,1,1,6,5,2,2,0,0,1,5
"510","MK640849_A_China_41304_2012","EPI417234_A_Victoria_361_2011_NA_NA_NA_NA",4,1,1,1,1,1,1,0,5,0,3,2,1,5,1,4
"511","MK640850_A_China_41678_2013","EPI417234_A_Victoria_361_2011_NA_NA_NA_NA",4,0,1,0,1,0,1,0,9,0,1,2,1,2,2,5
"512","MK640851_A_China_41691_2013","EPI417234_A_Victoria_361_2011_NA_NA_NA_NA",3,1,1,1,1,0,0,0,12,3,1,1,0,4,1,2
"513","MK640852_A_China_44381_2013","EPI417234_A_Victoria_361_2011_NA_NA_NA_NA",5,0,0,1,1,0,2,1,4,2,1,0,1,3,1,5
"514","MK640853_A_China_51045_2013","EPI417234_A_Victoria_361_2011_NA_NA_NA_NA",6,0,1,1,2,0,2,2,8,2,3,1,1,7,7,9
"515","MK640854_A_China_51323_2014","EPI417234_A_Victoria_361_2011_NA_NA_NA_NA",5,0,0,1,3,1,2,1,8,3,1,0,1,6,9,9
"516","MK640855_A_China_51340_2014","EPI417234_A_Victoria_361_2011_NA_NA_NA_NA",5,0,0,0,2,0,3,1,8,1,1,3,3,8,5,7
"517","MK640856_A_China_55254_2014","EPI417234_A_Victoria_361_2011_NA_NA_NA_NA",8,1,3,0,3,5,1,0,8,4,6,6,2,6,9,11
"518","MK640857_A_China_55312_2014","EPI417234_A_Victoria_361_2011_NA_NA_NA_NA",9,0,1,0,2,6,0,0,10,5,9,4,2,7,9,10
"519","MK640859_A_China_59100_2014","EPI417234_A_Victoria_361_2011_NA_NA_NA_NA",9,0,1,1,2,6,1,0,9,3,8,3,2,6,10,12
"520","MK640865_A_China_60938_2014","EPI417234_A_Victoria_361_2011_NA_NA_NA_NA",11,1,3,0,2,7,3,2,13,4,7,8,1,6,12,15
"521","MK640867_A_China_J7525_2014","EPI417234_A_Victoria_361_2011_NA_NA_NA_NA",10,0,1,0,2,5,0,1,12,2,9,6,2,9,12,14
"522","MK640868_A_China_J7506_2014","EPI417234_A_Victoria_361_2011_NA_NA_NA_NA",11,1,3,0,3,7,0,1,11,4,5,7,0,11,15,15
"523","MK640871_A_China_60701_2014","EPI417234_A_Victoria_361_2011_NA_NA_NA_NA",9,0,2,0,2,6,0,1,9,3,8,8,2,8,13,12
"524","MK640877_A_China_61248_2014","EPI417234_A_Victoria_361_2011_NA_NA_NA_NA",8,0,0,0,2,5,1,1,10,3,9,7,1,8,9,14
"525","MK640878_A_China_61391_2014","EPI417234_A_Victoria_361_2011_NA_NA_NA_NA",10,1,2,0,1,2,1,2,9,3,2,4,1,10,7,12
"526","MK640879_A_China_61007_2014","EPI417234_A_Victoria_361_2011_NA_NA_NA_NA",13,1,2,0,4,5,1,1,10,2,7,7,1,8,11,10
"527","MK640881_A_China_60736_2014","EPI417234_A_Victoria_361_2011_NA_NA_NA_NA",9,1,2,0,2,8,0,0,11,3,7,5,1,12,15,11
"528","MK640882_A_China_60786_2014","EPI417234_A_Victoria_361_2011_NA_NA_NA_NA",9,1,4,1,2,8,0,0,12,2,7,7,2,11,10,12
"529","MK640885_A_China_61309_2014","EPI417234_A_Victoria_361_2011_NA_NA_NA_NA",8,1,1,1,2,5,0,1,10,3,6,6,2,10,12,12
"530","MK640887_A_China_61520_2014","EPI417234_A_Victoria_361_2011_NA_NA_NA_NA",10,2,2,1,2,5,2,0,11,4,5,6,1,11,13,16
"531","MK640892_A_China_61481_2014","EPI417234_A_Victoria_361_2011_NA_NA_NA_NA",11,0,1,0,3,4,2,2,15,5,9,7,1,11,12,14
"532","MK640894_A_China_62885_2015","EPI417234_A_Victoria_361_2011_NA_NA_NA_NA",11,0,1,0,2,5,0,0,16,2,10,6,1,8,11,12
"533","MK640895_A_China_62889_2015","EPI417234_A_Victoria_361_2011_NA_NA_NA_NA",11,0,2,1,2,6,1,0,14,5,6,6,2,7,15,11
"534","MK640896_A_China_62895_2015","EPI417234_A_Victoria_361_2011_NA_NA_NA_NA",10,1,2,0,3,8,2,1,16,2,6,7,2,8,13,16
"535","MK640897_A_China_63513_2015","EPI417234_A_Victoria_361_2011_NA_NA_NA_NA",10,0,5,1,4,6,1,0,11,5,8,8,1,14,14,15
"536","MK640899_A_China_66886_2015","EPI417234_A_Victoria_361_2011_NA_NA_NA_NA",11,1,5,0,1,3,0,3,13,2,5,7,2,14,11,10
"537","MK640901_A_China_67013_2015","EPI417234_A_Victoria_361_2011_NA_NA_NA_NA",10,0,4,1,1,3,0,2,15,4,3,6,3,15,9,18
"538","MK640903_A_China_70219_2015","EPI614441_A_Switzerland_9715293_2013_NA_NA_NA_NA",16,0,7,2,1,7,0,3,18,5,13,16,5,21,21,22
"539","MK640906_A_China_71516_2016","EPI614441_A_Switzerland_9715293_2013_NA_NA_NA_NA",16,0,8,2,3,7,0,3,18,5,10,18,5,23,20,18
"540","MK640910_A_China_80241_2016","EPI686117_A_Hong_Kong_15611_2015_NA_NA_NA",6,0,3,2,2,2,2,0,7,4,1,8,3,11,8,6
"541","MK640913_A_China_81105_2017","EPI686117_A_Hong_Kong_15611_2015_NA_NA_NA",7,1,2,0,0,2,0,0,8,2,4,1,3,20,6,6
"542","MK640914_A_China_81129_2017","EPI686117_A_Hong_Kong_15611_2015_NA_NA_NA",8,1,3,0,0,2,1,1,10,2,3,2,2,17,6,7
"543","MK640915_A_China_81891_2017","EPI686117_A_Hong_Kong_15611_2015_NA_NA_NA",7,0,4,2,2,1,3,0,8,6,6,5,1,11,9,7
"544","MK729833_A_New_York_WC_LVD_10_001_2010","EPI577969_A_Perth_16_2009_NA_NA_NA_NA",8,0,3,2,5,4,4,1,9,6,15,7,5,15,18,8
"545","MK729873_A_New_York_WC_LVD_10_006_2010","EPI577969_A_Perth_16_2009_NA_NA_NA_NA",4,1,2,4,2,1,0,1,9,5,8,7,4,6,5,7
"546","MK730233_A_New_York_WC_LVD_12_051_2012","EPI417234_A_Victoria_361_2011_NA_NA_NA_NA",4,1,0,1,1,0,2,0,10,1,2,1,1,4,1,4
"547","MK730273_A_New_York_WC_LVD_12_057_2012","EPI417234_A_Victoria_361_2011_NA_NA_NA_NA",4,0,0,0,3,1,1,1,10,0,1,2,2,2,0,4
"548","MK730497_A_New_York_WC_LVD_12_086_2012","EPI417234_A_Victoria_361_2011_NA_NA_NA_NA",6,0,1,0,2,1,1,0,4,0,1,0,1,4,5,3
"549","MK817973_A_Maryland_178_5D_2013","EPI417234_A_Victoria_361_2011_NA_NA_NA_NA",5,1,2,1,2,0,2,0,7,0,4,0,2,1,2,3
"550","MK818117_A_Maryland_63_5D_2013","EPI417234_A_Victoria_361_2011_NA_NA_NA_NA",5,0,2,1,1,0,2,0,7,0,3,0,1,2,2,2
"551","MK969839_A_Maryland_127_17D_2013","EPI417234_A_Victoria_361_2011_NA_NA_NA_NA",4,1,2,0,2,1,3,1,7,1,0,2,0,5,2,7
"552","MK970023_A_Maryland_22_1_2012","EPI417234_A_Victoria_361_2011_NA_NA_NA_NA",6,0,2,1,1,1,1,0,10,0,3,1,2,1,1,2
"553","MN154312_A_Washington_9752_2019","EPI686117_A_Hong_Kong_15611_2015_NA_NA_NA",26,3,9,0,6,1,1,0,35,6,7,12,5,14,12,21
"554","MN170167_A_Washington_9147_2019","EPI686117_A_Hong_Kong_15611_2015_NA_NA_NA",26,2,9,0,6,1,1,0,35,6,7,12,5,14,12,21
"555","MN170183_A_Washington_9149_2019","EPI686117_A_Hong_Kong_15611_2015_NA_NA_NA",26,2,9,0,6,1,1,0,35,6,7,12,5,14,12,21
"556","MN170191_A_Washington_9150_2019","EPI686117_A_Hong_Kong_15611_2015_NA_NA_NA",26,2,9,0,6,1,1,0,35,6,7,12,5,14,12,21
"557","MN170207_A_Washington_9153_2019","EPI686117_A_Hong_Kong_15611_2015_NA_NA_NA",26,2,9,0,6,1,1,0,35,6,7,12,5,14,12,21
"558","MN170223_A_Washington_9155_2019","EPI686117_A_Hong_Kong_15611_2015_NA_NA_NA",26,2,9,0,6,1,1,0,35,6,7,12,5,14,12,21
"559","MN304051_A_Basel_USB003343_1_2016","EPI686117_A_Hong_Kong_15611_2015_NA_NA_NA",3,0,2,0,0,0,2,0,5,2,5,1,1,4,2,8
"560","MN304056_A_Basel_USB003348_1_2016","EPI686117_A_Hong_Kong_15611_2015_NA_NA_NA",1,0,3,0,2,0,0,0,0,1,2,3,3,6,3,9
"561","MN304081_A_Basel_USB003378_1_2017","EPI686117_A_Hong_Kong_15611_2015_NA_NA_NA",1,0,3,1,2,0,0,0,3,2,3,3,0,6,6,9
"562","MN304116_A_Basel_USB003451_1_2017","EPI686117_A_Hong_Kong_15611_2015_NA_NA_NA",3,0,2,0,2,0,0,1,6,3,2,2,2,7,6,7
"563","MN304117_A_Basel_USB003452_1_2017","EPI686117_A_Hong_Kong_15611_2015_NA_NA_NA",7,1,1,0,0,1,0,0,5,2,3,3,2,17,6,8
"564","MN304125_A_Basel_USB003503_1_2017","EPI686117_A_Hong_Kong_15611_2015_NA_NA_NA",3,0,3,0,2,1,2,0,4,0,3,3,1,4,5,9
"565","MN304128_A_Basel_USB003507_1_2017","EPI686117_A_Hong_Kong_15611_2015_NA_NA_NA",6,0,1,2,3,0,2,2,9,4,10,2,2,7,5,16
"566","MN304158_A_Basel_USB001568_1_2017","EPI686117_A_Hong_Kong_15611_2015_NA_NA_NA",6,0,7,3,4,0,1,5,11,4,12,8,2,10,15,13
"567","MN304160_A_Basel_USB002230_1_2017","EPI686117_A_Hong_Kong_15611_2015_NA_NA_NA",1,0,2,0,0,1,2,0,1,0,3,3,1,5,4,10
"568","MN304174_A_Basel_USB001581_1_2017","EPI686117_A_Hong_Kong_15611_2015_NA_NA_NA",7,1,1,1,1,1,0,0,6,2,4,3,2,17,6,8
"569","MN304184_A_Basel_USB001592_1_2017","EPI686117_A_Hong_Kong_15611_2015_NA_NA_NA",6,0,6,3,4,0,1,4,11,4,12,8,2,10,14,14
"570","MN304199_A_Basel_USB001639_1_2017","EPI686117_A_Hong_Kong_15611_2015_NA_NA_NA",0,0,1,0,1,0,1,1,4,1,0,0,5,5,5,12
"571","MN304202_A_Basel_USB002304_1_2017","EPI686117_A_Hong_Kong_15611_2015_NA_NA_NA",6,0,7,3,4,0,2,4,11,4,12,8,2,10,14,14
"572","MN304206_A_Basel_USB001584_1_2017","EPI686117_A_Hong_Kong_15611_2015_NA_NA_NA",3,0,2,0,0,0,2,0,6,4,5,4,3,7,6,8
"573","MN304230_A_Basel_USB002323_1_2017","EPI686117_A_Hong_Kong_15611_2015_NA_NA_NA",5,0,3,2,0,1,1,1,4,1,2,4,2,4,4,9
"574","MN304260_A_Basel_USB002443_1_2017","EPI686117_A_Hong_Kong_15611_2015_NA_NA_NA",7,1,1,1,1,2,0,1,6,2,4,3,2,18,6,8
"575","MN304284_A_Basel_USB002561_1_2017","EPI686117_A_Hong_Kong_15611_2015_NA_NA_NA",6,0,6,3,4,0,1,5,11,4,12,8,2,10,14,13
"576","MN304303_A_Basel_USB002594_1_2017","EPI686117_A_Hong_Kong_15611_2015_NA_NA_NA",3,0,2,0,1,1,0,0,5,4,2,2,2,7,6,7
"577","MN304347_A_Basel_USB002671_1_2017","EPI686117_A_Hong_Kong_15611_2015_NA_NA_NA",6,0,7,3,4,0,1,4,11,4,12,8,2,10,14,14
"578","MN304376_A_Basel_USB002722_1_2017","EPI686117_A_Hong_Kong_15611_2015_NA_NA_NA",3,0,2,0,1,1,0,0,5,4,2,2,3,7,4,8
"579","MN304409_A_Basel_USB002775_1_2017","EPI686117_A_Hong_Kong_15611_2015_NA_NA_NA",7,1,2,0,0,1,0,0,5,2,5,2,2,18,6,8
"580","MN304423_A_Basel_USB002825_1_2017","EPI686117_A_Hong_Kong_15611_2015_NA_NA_NA",4,0,2,3,3,0,0,3,9,2,12,4,2,6,15,12
"581","MN304459_A_Basel_USB002891_1_2017","EPI686117_A_Hong_Kong_15611_2015_NA_NA_NA",7,1,2,0,1,1,1,0,7,3,4,6,2,18,5,9
"582","MN304483_A_Basel_USB002922_1_2017","EPI686117_A_Hong_Kong_15611_2015_NA_NA_NA",6,0,7,3,6,0,2,5,13,4,12,8,3,10,14,13
"583","MN304521_A_Basel_USB002995_1_2017","EPI686117_A_Hong_Kong_15611_2015_NA_NA_NA",3,1,2,0,1,0,2,0,8,2,2,4,3,5,5,11
"584","MN304543_A_Basel_USB003034_1_2017","EPI686117_A_Hong_Kong_15611_2015_NA_NA_NA",6,0,1,2,3,0,2,2,9,4,10,3,2,7,5,16
"585","MN304587_A_Basel_USB003307_1_2017","EPI686117_A_Hong_Kong_15611_2015_NA_NA_NA",4,1,2,0,1,0,1,0,4,4,3,2,3,6,4,7
"586","MN304604_A_Basel_USB002047_1_2016","EPI686117_A_Hong_Kong_15611_2015_NA_NA_NA",1,0,2,0,0,0,2,0,2,0,2,3,1,5,4,9
"587","MN304638_A_Basel_USB002088_1_2016","EPI686117_A_Hong_Kong_15611_2015_NA_NA_NA",7,1,2,0,0,1,0,0,8,2,2,1,3,19,7,4
"588","MN304643_A_Basel_USB002097_1_2016","EPI686117_A_Hong_Kong_15611_2015_NA_NA_NA",6,0,6,3,5,0,1,5,11,4,12,8,3,10,14,13
"589","MN304651_A_Basel_USB002098_1_2016","EPI686117_A_Hong_Kong_15611_2015_NA_NA_NA",8,1,2,0,0,1,0,0,8,2,2,1,3,19,7,4
"590","MN304652_A_Basel_USB001532_1_2016","EPI686117_A_Hong_Kong_15611_2015_NA_NA_NA",6,0,7,3,4,0,1,5,11,4,12,8,2,10,14,13
"591","MN304663_A_Basel_USB001539_1_2016","EPI686117_A_Hong_Kong_15611_2015_NA_NA_NA",7,1,2,0,0,1,1,2,5,2,3,2,3,18,7,10
"592","MN304664_A_Basel_USB001538_1_2016","EPI686117_A_Hong_Kong_15611_2015_NA_NA_NA",3,0,3,0,2,2,1,1,3,0,3,4,2,4,3,10
"593","MN304667_A_Basel_USB001537_1_2016","EPI686117_A_Hong_Kong_15611_2015_NA_NA_NA",7,1,2,0,0,1,0,0,9,2,2,1,4,19,7,5
"594","MN304668_A_Basel_USB002128_1_2016","EPI686117_A_Hong_Kong_15611_2015_NA_NA_NA",3,0,1,0,1,2,1,2,5,3,5,6,2,5,5,7
"595","MN304672_A_Basel_USB002199_1_2016","EPI686117_A_Hong_Kong_15611_2015_NA_NA_NA",3,0,3,1,1,2,1,1,3,0,3,4,1,4,3,9
"596","MN304679_A_Basel_USB002138_1_2016","EPI686117_A_Hong_Kong_15611_2015_NA_NA_NA",1,0,3,1,2,0,0,0,3,2,3,3,0,6,5,9
"597","MN304682_A_Basel_USB001546_1_2016","EPI686117_A_Hong_Kong_15611_2015_NA_NA_NA",3,0,1,0,0,0,2,0,6,4,5,4,2,8,5,8
"598","MN304687_A_Basel_USB002180_1_2016","EPI686117_A_Hong_Kong_15611_2015_NA_NA_NA",6,0,6,3,4,0,1,5,11,4,12,8,2,11,14,13
"599","MN304690_A_Basel_USB002178_1_2016","EPI686117_A_Hong_Kong_15611_2015_NA_NA_NA",3,0,2,0,0,0,3,0,6,5,5,4,2,8,5,8
"600","MN304704_A_Basel_USB001552_1_2016","EPI686117_A_Hong_Kong_15611_2015_NA_NA_NA",2,1,5,0,0,2,2,0,4,2,0,1,1,3,5,6
"601","MN304711_A_Basel_USB001562_1_2016","EPI686117_A_Hong_Kong_15611_2015_NA_NA_NA",3,0,2,0,0,0,3,0,3,1,0,2,2,4,1,8
