"","Taxa","sum","HA-M","HA-NA","HA-NP","HA-NS","HA-PA","HA-PB1","HA-PB2","M-NA","M-NP","M-NS","M-PA","M-PB1","M-PB2","NA-NP","NA-NS","NA-PA","NA-PB1","NA-PB2","NP-NS","NP-PA","NP-PB1","NP-PB2","NS-PA","NS-PB1","NS-PB2","PA-PB1","PA-PB2","PB1-PB2"
"1","A_Arizona_06_2017",6,NA,NA,NA,NA,NA,NA,NA,NA,NA,NA,NA,NA,NA,NA,NA,NA,NA,NA,NA,NA,NA,NA,NA,3,NA,3,NA,NA
"2","A_Arkansas_18_2017",6,NA,NA,NA,8,NA,NA,NA,NA,NA,6,NA,NA,NA,NA,NA,NA,NA,NA,NA,NA,NA,NA,3,3,3,NA,NA,NA
"3","A_Basel_USB002594_1_2017",6,NA,NA,NA,NA,NA,NA,NA,NA,NA,NA,NA,NA,NA,NA,NA,NA,NA,NA,NA,NA,NA,NA,NA,3,NA,3,NA,NA
"4","A_Basel_USB002722_1_2017",6,NA,NA,NA,NA,NA,NA,NA,NA,NA,NA,NA,NA,NA,NA,NA,NA,NA,NA,NA,NA,NA,NA,NA,3,NA,3,NA,NA
"5","A_Basel_USB002995_1_2017",6,NA,NA,NA,NA,NA,NA,5,NA,NA,NA,NA,NA,NA,NA,NA,8,5,NA,NA,NA,NA,NA,NA,NA,NA,NA,NA,3
"6","A_Basel_USB003034_1_2017",6,NA,NA,NA,NA,NA,3,NA,NA,NA,NA,NA,3,NA,NA,NA,NA,7,NA,NA,NA,NA,NA,NA,3,NA,3,NA,3
"7","A_Basel_USB003307_1_2017",6,NA,NA,NA,NA,NA,NA,NA,NA,NA,NA,NA,NA,NA,NA,NA,NA,NA,NA,NA,NA,NA,NA,NA,3,NA,3,NA,NA
"8","A_Basel_USB003348_1_2016",6,NA,NA,NA,NA,NA,NA,NA,NA,NA,3,NA,NA,NA,NA,NA,NA,NA,NA,NA,NA,NA,NA,3,3,3,NA,NA,NA
"9","A_Basel_USB003451_1_2017",6,NA,NA,NA,NA,NA,NA,NA,NA,NA,NA,NA,NA,NA,NA,NA,NA,NA,NA,NA,NA,NA,NA,NA,3,NA,3,NA,NA
"10","A_Basel_USB003507_1_2017",6,NA,NA,NA,NA,NA,3,NA,NA,NA,NA,NA,3,NA,NA,NA,NA,7,NA,NA,NA,NA,NA,NA,3,NA,3,NA,3
"11","A_Bethesda_NIH12_2011",6,NA,NA,3,NA,NA,NA,NA,NA,NA,NA,3,NA,3,3,NA,NA,3,NA,NA,NA,NA,3,NA,NA,NA,NA,NA,3
"12","A_California_129_2016",6,NA,NA,NA,NA,NA,NA,NA,NA,NA,NA,NA,NA,NA,NA,3,NA,NA,NA,NA,NA,NA,NA,NA,NA,3,NA,NA,NA
"13","A_California_18_2014",6,3,3,3,3,NA,3,3,NA,NA,NA,3,NA,5,NA,NA,6,NA,3,NA,6,NA,6,3,NA,8,3,3,6
"14","A_California_187_2016",6,5,NA,NA,NA,NA,NA,NA,NA,NA,NA,NA,NA,NA,NA,NA,NA,3,NA,NA,NA,NA,NA,NA,NA,NA,NA,NA,6
"15","A_California_19_2014",6,NA,NA,NA,NA,NA,NA,9,NA,NA,NA,NA,NA,NA,NA,NA,NA,NA,11,NA,NA,NA,9,NA,NA,6,NA,12,6
"16","A_California_20_2015",6,3,3,NA,NA,NA,3,3,NA,5,3,3,3,NA,6,NA,3,3,NA,NA,NA,NA,6,NA,3,3,NA,3,3
"17","A_California_214_2016",6,NA,NA,NA,NA,NA,NA,NA,NA,NA,NA,NA,3,NA,NA,NA,NA,NA,NA,NA,NA,NA,NA,NA,NA,NA,NA,NA,NA
"18","A_California_NHRC0006_2003",6,NA,NA,NA,NA,3,NA,NA,NA,NA,NA,NA,NA,NA,NA,NA,NA,NA,NA,NA,NA,NA,NA,NA,NA,NA,3,NA,NA
"19","A_China_38887_2012",6,NA,NA,NA,NA,NA,NA,NA,NA,NA,NA,NA,NA,NA,NA,NA,NA,NA,NA,NA,3,NA,3,NA,NA,NA,NA,NA,NA
"20","A_China_60736_2014",6,NA,5,NA,NA,NA,NA,NA,NA,NA,NA,NA,NA,NA,NA,NA,NA,NA,NA,NA,NA,NA,NA,NA,NA,NA,NA,NA,NA
"21","A_China_61007_2014",6,4,6,5,NA,3,5,6,NA,NA,NA,NA,NA,NA,NA,NA,NA,NA,NA,NA,NA,NA,NA,NA,NA,NA,NA,NA,NA
"22","A_China_61391_2014",6,6,3,3,NA,3,4,3,NA,NA,NA,NA,NA,NA,NA,NA,NA,NA,NA,NA,NA,NA,NA,NA,NA,NA,NA,NA,NA
"23","A_China_70219_2015",6,NA,NA,NA,NA,3,NA,NA,NA,NA,NA,NA,NA,NA,NA,NA,NA,NA,NA,NA,NA,NA,NA,NA,NA,NA,NA,NA,NA
"24","A_China_80241_2016",6,NA,NA,NA,NA,NA,NA,NA,NA,NA,NA,NA,NA,NA,3,NA,NA,NA,NA,NA,NA,NA,NA,NA,NA,NA,NA,NA,NA
"25","A_China_81891_2017",6,NA,NA,NA,NA,NA,NA,NA,NA,NA,NA,NA,NA,NA,3,NA,NA,NA,NA,NA,NA,NA,NA,NA,NA,NA,NA,NA,NA
"26","A_Chungbuk_107_2016",6,NA,NA,NA,NA,NA,NA,NA,NA,NA,NA,NA,NA,NA,9,3,11,12,13,NA,5,3,6,NA,NA,NA,NA,NA,NA
"27","A_Delaware_19_2017",6,NA,NA,3,NA,3,3,3,4,NA,NA,3,NA,3,4,3,4,3,5,NA,NA,NA,NA,NA,NA,NA,NA,NA,NA
"28","A_District_of_Columbia_WRAIR0300_2010",6,NA,NA,NA,NA,NA,NA,NA,NA,NA,NA,NA,3,3,NA,NA,NA,NA,NA,3,NA,NA,NA,NA,NA,NA,NA,NA,NA
"29","A_England_425_2003",6,NA,NA,NA,NA,NA,NA,NA,8,NA,NA,12,NA,NA,5,NA,NA,3,6,NA,NA,NA,NA,NA,NA,NA,6,6,NA
"30","A_England_438_2003",6,NA,5,NA,3,6,NA,3,3,NA,NA,3,NA,NA,3,NA,NA,3,3,NA,3,NA,NA,NA,NA,NA,3,3,NA
"31","A_England_467_2003",6,NA,6,NA,NA,3,NA,NA,3,NA,NA,3,NA,NA,6,NA,NA,6,6,NA,3,NA,NA,NA,NA,NA,3,3,NA
"32","A_England_470_2003",6,NA,3,NA,NA,NA,NA,NA,NA,NA,NA,12,NA,NA,3,NA,3,3,3,NA,NA,NA,NA,NA,NA,NA,12,6,NA
"33","A_England_487_2003",6,NA,6,NA,NA,9,NA,NA,NA,NA,NA,9,NA,NA,3,NA,NA,3,3,NA,9,NA,NA,NA,NA,NA,9,6,NA
"34","A_England_491_2003",6,NA,6,NA,NA,9,NA,NA,NA,NA,NA,12,NA,NA,3,NA,NA,3,3,NA,9,NA,NA,NA,NA,NA,9,6,NA
"35","A_England_493_2003",6,NA,3,NA,NA,9,NA,NA,NA,NA,NA,9,NA,NA,3,NA,NA,3,4,NA,6,NA,NA,5,NA,NA,9,7,NA
"36","A_England_508_2003",6,NA,3,NA,NA,5,NA,NA,NA,NA,NA,NA,NA,NA,NA,NA,NA,NA,NA,NA,3,NA,NA,NA,NA,NA,3,NA,NA
"37","A_England_516_2003",6,NA,5,NA,3,12,NA,3,3,NA,NA,9,NA,NA,3,3,3,3,3,NA,3,NA,NA,8,NA,NA,12,6,NA
"38","A_England_522_2003",6,NA,NA,NA,NA,NA,NA,NA,3,NA,NA,9,NA,NA,5,NA,NA,3,6,NA,NA,NA,NA,NA,NA,NA,12,6,NA
"39","A_England_525_2003",6,NA,NA,NA,NA,NA,NA,NA,3,NA,NA,9,NA,NA,5,NA,NA,3,7,NA,NA,NA,NA,NA,NA,NA,18,6,NA
"40","A_England_532_2003",6,NA,3,NA,NA,3,NA,NA,NA,NA,NA,6,NA,NA,3,NA,NA,3,3,NA,3,NA,NA,NA,NA,NA,6,3,NA
"41","A_England_547_2003",6,NA,8,NA,3,12,NA,3,4,NA,NA,9,NA,NA,6,NA,NA,6,6,NA,3,NA,NA,6,NA,NA,9,3,NA
"42","A_England_558_2003",6,NA,11,NA,NA,6,NA,NA,7,NA,NA,6,NA,NA,9,3,NA,9,12,NA,6,NA,NA,3,NA,NA,6,9,NA
"43","A_England_585_2003",6,NA,3,NA,NA,3,NA,NA,NA,NA,NA,NA,NA,3,NA,NA,NA,NA,9,NA,NA,NA,6,NA,NA,3,NA,9,3
"44","A_England_944_2003",6,NA,NA,NA,NA,NA,NA,NA,8,NA,NA,12,NA,NA,5,NA,NA,3,6,NA,NA,NA,NA,NA,NA,NA,6,6,NA
"45","A_England_957_2003",6,NA,NA,NA,NA,NA,NA,NA,3,NA,NA,9,NA,NA,NA,NA,NA,NA,3,NA,NA,NA,NA,NA,NA,NA,3,3,NA
"46","A_Florida_34_2017",6,6,NA,3,8,3,3,3,3,NA,NA,NA,NA,NA,7,6,7,9,9,NA,NA,NA,NA,NA,NA,NA,NA,NA,NA
"47","A_Florida_73_2017",6,NA,NA,NA,NA,NA,3,NA,NA,NA,NA,NA,3,NA,NA,NA,NA,3,NA,NA,NA,NA,NA,NA,NA,NA,3,NA,NA
"48","A_Georgia_40_2016",6,5,NA,NA,NA,NA,NA,NA,NA,NA,NA,NA,NA,NA,NA,NA,NA,3,NA,NA,NA,NA,NA,NA,NA,NA,NA,NA,6
"49","A_Gyeonggi_458_2016",6,NA,NA,3,NA,3,3,3,NA,NA,NA,NA,NA,NA,9,3,11,12,13,NA,5,3,6,NA,NA,NA,NA,NA,NA
"50","A_Hawaii_39_2014",6,3,3,NA,NA,NA,3,3,NA,NA,3,NA,NA,NA,NA,3,NA,NA,NA,NA,NA,NA,3,NA,3,3,NA,3,3
"51","A_Hokkaido_13H009_2014",6,3,3,NA,NA,NA,3,3,NA,NA,3,NA,NA,NA,NA,3,NA,NA,NA,NA,NA,NA,3,NA,3,3,NA,3,3
"52","A_Hong_Kong_H090_671_V10_2009",6,NA,3,NA,NA,NA,NA,NA,NA,NA,NA,NA,NA,NA,NA,NA,3,3,NA,NA,NA,NA,NA,NA,NA,NA,NA,NA,NA
"53","A_Hong_Kong_H090_720_V31_2009",6,NA,3,NA,NA,NA,NA,NA,NA,NA,NA,NA,NA,NA,NA,NA,3,3,NA,NA,NA,NA,NA,NA,NA,NA,NA,NA,NA
"54","A_Hong_Kong_HKU14_2004",6,NA,NA,NA,NA,NA,NA,NA,5,NA,NA,NA,NA,NA,NA,NA,NA,NA,NA,NA,NA,NA,NA,NA,NA,NA,NA,NA,NA
"55","A_Hong_Kong_HKU20_2004",6,NA,3,NA,NA,NA,NA,NA,NA,NA,NA,NA,NA,NA,NA,NA,NA,NA,NA,NA,NA,NA,NA,NA,NA,NA,NA,NA,NA
"56","A_Hong_Kong_HKU25_2004",6,NA,3,NA,NA,NA,NA,NA,NA,NA,NA,NA,NA,NA,NA,NA,NA,NA,NA,NA,NA,NA,NA,NA,NA,NA,NA,NA,NA
"57","A_Hong_Kong_HKU31_2004",6,NA,3,NA,NA,NA,NA,NA,NA,NA,NA,NA,NA,NA,NA,NA,NA,NA,NA,NA,NA,NA,NA,NA,NA,NA,NA,NA,NA
"58","A_Hong_Kong_HKU32_2004",6,NA,3,NA,NA,NA,NA,NA,NA,NA,NA,NA,NA,NA,NA,NA,NA,NA,NA,NA,NA,NA,NA,NA,NA,NA,NA,NA,NA
"59","A_Hong_Kong_HKU34_2004",6,NA,3,NA,NA,NA,NA,NA,NA,NA,NA,NA,NA,NA,NA,NA,NA,NA,NA,NA,NA,NA,NA,NA,NA,NA,NA,NA,NA
"60","A_Hong_Kong_HKU38_2004",6,NA,3,NA,NA,NA,NA,NA,NA,NA,NA,NA,NA,NA,NA,NA,NA,NA,NA,NA,NA,NA,NA,NA,NA,NA,NA,NA,NA
"61","A_Hong_Kong_HKU40_2004",6,NA,3,NA,NA,NA,NA,NA,NA,NA,NA,NA,NA,NA,NA,NA,NA,NA,NA,NA,NA,NA,NA,NA,NA,NA,NA,NA,NA
"62","A_Hong_Kong_HKU42_2005",6,NA,3,NA,NA,NA,NA,NA,NA,NA,NA,NA,NA,NA,NA,NA,NA,NA,NA,NA,NA,NA,NA,NA,NA,NA,NA,NA,NA
"63","A_Hong_Kong_HKU73_2005",6,NA,NA,NA,NA,NA,NA,3,NA,NA,NA,NA,NA,NA,NA,NA,NA,NA,NA,NA,NA,NA,NA,NA,NA,NA,NA,NA,NA
"64","A_Illinois_NHRC0002_2005",6,NA,NA,NA,NA,NA,NA,3,NA,NA,NA,NA,NA,NA,NA,NA,NA,NA,NA,NA,NA,NA,NA,NA,NA,NA,NA,NA,NA
"65","A_Jeonbuk_736_2017",6,NA,3,NA,NA,NA,NA,NA,NA,NA,NA,NA,NA,NA,3,3,11,6,6,NA,NA,NA,NA,NA,NA,NA,NA,NA,NA
"66","A_Keelung_0089_2016",6,NA,NA,NA,NA,NA,NA,NA,NA,NA,NA,NA,NA,NA,3,NA,NA,NA,NA,NA,NA,NA,NA,NA,NA,NA,NA,NA,NA
"67","A_Kentucky_26_2016",6,5,NA,NA,NA,NA,NA,NA,NA,NA,NA,NA,NA,NA,NA,NA,NA,3,NA,NA,NA,NA,NA,NA,NA,NA,NA,NA,6
"68","A_Kyoto_13K025_2014",6,3,3,NA,NA,NA,3,3,NA,NA,3,NA,NA,NA,NA,3,NA,NA,NA,NA,NA,NA,3,NA,3,3,NA,3,3
"69","A_Linkou_0206_2017",6,NA,NA,NA,NA,NA,NA,5,NA,NA,NA,NA,NA,NA,NA,NA,8,5,NA,NA,NA,NA,NA,NA,NA,NA,NA,NA,3
"70","A_Linkou_0302_2017",6,NA,NA,NA,NA,NA,NA,3,NA,NA,NA,NA,NA,NA,NA,NA,NA,NA,NA,NA,NA,NA,NA,NA,NA,NA,NA,NA,NA
"71","A_Louisiana_11_2014",6,3,3,NA,NA,NA,3,3,NA,5,3,3,3,NA,6,NA,3,3,NA,NA,NA,NA,6,NA,3,3,NA,3,3
"72","A_Maryland_10_2017",6,NA,NA,NA,NA,NA,3,NA,NA,NA,NA,NA,NA,NA,NA,NA,8,3,3,NA,NA,NA,NA,NA,NA,NA,NA,NA,NA
"73","A_Maryland_31_2016",6,NA,NA,NA,NA,NA,NA,NA,NA,NA,3,NA,NA,NA,NA,NA,NA,NA,NA,NA,NA,NA,NA,3,3,3,NA,NA,NA
"74","A_Massachusetts_16_2017",6,NA,NA,NA,NA,NA,NA,NA,NA,NA,NA,NA,NA,NA,NA,NA,NA,NA,NA,NA,NA,NA,NA,NA,3,NA,3,NA,NA
"75","A_Missouri_11_2014",6,3,3,NA,NA,NA,3,3,NA,5,3,3,3,NA,6,NA,3,3,NA,NA,NA,NA,6,NA,3,3,NA,3,3
"76","A_Moscow_1514A00504942N_2012",6,NA,NA,3,NA,NA,NA,NA,NA,NA,NA,3,NA,3,3,NA,NA,3,NA,NA,NA,NA,3,NA,NA,NA,NA,NA,3
"77","A_Nagasaki_13N046_2014",6,NA,NA,NA,NA,NA,NA,NA,NA,NA,NA,NA,NA,NA,NA,NA,NA,NA,NA,NA,NA,NA,NA,3,NA,3,NA,NA,NA
"78","A_Nanjing_1654_2010",6,NA,NA,NA,NA,NA,NA,NA,NA,NA,NA,3,NA,NA,NA,NA,NA,NA,NA,NA,3,NA,NA,NA,NA,NA,NA,3,NA
"79","A_Nanjing_1655_2010",6,NA,NA,NA,NA,NA,NA,NA,NA,NA,NA,3,NA,NA,NA,NA,NA,NA,NA,NA,3,NA,NA,NA,NA,NA,NA,3,NA
"80","A_Nanjing_1663_2010",6,NA,NA,NA,NA,NA,NA,NA,NA,NA,NA,3,NA,NA,NA,NA,NA,NA,NA,NA,3,NA,NA,NA,NA,NA,NA,3,NA
"81","A_Netherlands_063_2011",6,NA,NA,NA,NA,NA,NA,NA,NA,NA,NA,3,NA,NA,NA,NA,NA,NA,NA,NA,3,NA,NA,NA,NA,NA,NA,3,NA
"82","A_Netherlands_363_2006",6,3,NA,NA,NA,NA,4,NA,NA,NA,NA,3,NA,NA,NA,NA,NA,NA,NA,NA,NA,NA,NA,NA,NA,NA,3,NA,NA
"83","A_Nevada_12_2017",6,NA,NA,NA,NA,NA,NA,NA,NA,NA,NA,NA,NA,NA,NA,NA,NA,NA,NA,NA,NA,NA,NA,NA,3,NA,3,NA,NA
"84","A_New_Jersey_07_2017",6,NA,NA,NA,NA,NA,3,NA,NA,NA,NA,NA,NA,NA,NA,NA,8,3,3,NA,NA,NA,NA,NA,NA,NA,NA,NA,NA
"85","A_New_York_1001_2005",6,NA,NA,NA,NA,NA,NA,3,NA,NA,NA,NA,NA,NA,NA,NA,NA,NA,NA,NA,NA,NA,NA,NA,NA,NA,NA,NA,NA
"86","A_New_York_1028_2006",6,NA,3,3,NA,3,6,3,5,NA,NA,3,5,NA,NA,NA,3,NA,3,NA,NA,NA,NA,NA,NA,NA,NA,NA,NA
"87","A_New_York_13_2003",6,NA,NA,NA,NA,NA,NA,NA,NA,NA,NA,NA,NA,NA,NA,NA,NA,NA,NA,NA,NA,NA,NA,NA,NA,NA,3,NA,NA
"88","A_New_York_18_2003",6,NA,NA,NA,NA,NA,NA,NA,NA,NA,NA,NA,NA,NA,NA,NA,NA,NA,NA,NA,NA,NA,NA,NA,NA,NA,3,NA,NA
"89","A_New_York_272_2003",6,NA,NA,NA,NA,NA,NA,NA,NA,NA,NA,NA,NA,NA,NA,NA,NA,NA,NA,NA,NA,NA,NA,NA,NA,NA,3,NA,NA
"90","A_New_York_30_2003",6,NA,3,NA,NA,12,NA,NA,NA,NA,NA,12,NA,NA,3,NA,3,3,3,NA,6,NA,NA,5,NA,NA,6,6,NA
"91","A_New_York_33_2004",6,NA,NA,NA,NA,NA,NA,NA,NA,NA,NA,NA,NA,NA,NA,NA,NA,NA,NA,NA,NA,NA,NA,NA,NA,NA,3,NA,NA
"92","A_New_York_35_2003",6,NA,NA,NA,NA,NA,NA,NA,NA,NA,NA,NA,NA,NA,NA,NA,NA,NA,NA,NA,NA,NA,NA,NA,NA,NA,3,NA,NA
"93","A_New_York_366_2004",6,NA,3,NA,NA,NA,NA,NA,NA,NA,NA,NA,NA,NA,NA,NA,NA,NA,NA,NA,NA,NA,NA,NA,NA,NA,NA,NA,NA
"94","A_New_York_37_2003",6,NA,NA,NA,NA,NA,NA,NA,NA,NA,NA,NA,NA,NA,NA,NA,NA,NA,NA,NA,NA,NA,NA,NA,NA,NA,3,NA,NA
"95","A_New_York_372_2004",6,NA,3,NA,NA,NA,NA,NA,NA,NA,NA,NA,NA,NA,NA,NA,NA,NA,NA,NA,NA,NA,NA,NA,NA,NA,NA,NA,NA
"96","A_New_York_373_2005",6,NA,3,NA,NA,NA,NA,NA,4,NA,NA,NA,NA,NA,NA,NA,3,NA,4,NA,NA,NA,NA,NA,NA,NA,NA,NA,NA
"97","A_New_York_4_2003",6,NA,3,NA,NA,12,NA,NA,NA,NA,NA,9,NA,NA,3,NA,NA,3,3,NA,6,NA,NA,5,NA,NA,6,6,NA
"98","A_New_York_54_2003",6,NA,NA,NA,NA,NA,NA,NA,NA,NA,NA,NA,NA,NA,NA,NA,NA,NA,NA,NA,NA,NA,NA,NA,NA,NA,3,NA,NA
"99","A_New_York_900_2004",6,NA,3,NA,NA,NA,NA,NA,NA,NA,NA,NA,NA,NA,NA,NA,NA,NA,NA,NA,NA,NA,NA,NA,NA,NA,NA,NA,NA
"100","A_Niigata_13F335_2014",6,NA,NA,NA,NA,NA,NA,NA,NA,NA,NA,NA,NA,NA,NA,NA,NA,NA,NA,NA,NA,NA,NA,3,NA,3,NA,NA,NA
"101","A_North_Carolina_06_2015",6,3,3,NA,NA,NA,3,3,NA,5,3,3,3,NA,6,NA,3,3,NA,NA,NA,NA,6,NA,3,3,NA,3,3
"102","A_North_Carolina_27_2017",6,4,NA,3,3,10,5,5,4,NA,NA,3,NA,3,NA,3,5,9,3,NA,NA,NA,NA,NA,NA,NA,NA,NA,NA
"103","A_Oregon_14_2017",6,NA,NA,3,3,9,6,4,NA,NA,NA,NA,NA,NA,NA,3,6,3,6,NA,NA,NA,NA,NA,NA,NA,NA,NA,NA
"104","A_Pennsylvania_49_2014",6,3,6,3,6,3,4,3,NA,NA,NA,NA,NA,5,NA,NA,NA,NA,8,NA,NA,NA,9,NA,NA,12,NA,9,12
"105","A_Qinghai_178_2010",6,NA,NA,NA,NA,NA,NA,NA,NA,NA,NA,3,NA,NA,NA,NA,NA,NA,NA,NA,3,NA,NA,NA,NA,NA,NA,3,NA
"106","A_Scotland_78_2003",6,3,NA,NA,NA,NA,3,NA,NA,NA,NA,4,NA,NA,3,NA,NA,NA,NA,NA,3,NA,3,NA,NA,NA,3,NA,NA
"107","A_Scotland_79_2003",6,NA,11,NA,3,6,NA,3,7,NA,NA,3,NA,NA,9,3,NA,9,9,NA,3,NA,NA,NA,NA,NA,3,3,NA
"108","A_Seoul_1595_2015",6,NA,NA,6,NA,4,8,8,NA,NA,NA,NA,NA,NA,9,6,5,9,13,NA,6,3,6,NA,NA,NA,3,9,NA
"109","A_Shanghai_1_2016",6,NA,NA,NA,NA,NA,NA,NA,NA,NA,NA,NA,NA,NA,NA,NA,NA,NA,NA,NA,NA,NA,NA,NA,3,NA,NA,NA,NA
"110","A_Shanghai_10_2017",6,NA,3,NA,6,3,3,NA,NA,NA,5,NA,NA,NA,NA,8,NA,NA,3,7,NA,NA,NA,8,6,8,NA,NA,3
"111","A_Shanghai_11_2017",6,NA,NA,NA,NA,NA,NA,NA,NA,NA,NA,NA,NA,NA,NA,3,NA,NA,NA,3,NA,NA,NA,6,6,6,NA,NA,NA
"112","A_Shanghai_12_2017",6,NA,NA,NA,NA,NA,NA,3,NA,NA,NA,NA,NA,NA,NA,3,NA,NA,3,3,NA,NA,NA,3,3,4,NA,NA,NA
"113","A_Shanghai_15_2017",6,NA,NA,NA,3,NA,NA,NA,NA,NA,NA,NA,12,7,NA,NA,NA,NA,NA,NA,NA,NA,NA,NA,3,3,NA,NA,NA
"114","A_Shanghai_16_2017",6,NA,NA,NA,NA,NA,NA,NA,NA,NA,NA,NA,9,8,NA,NA,NA,NA,NA,NA,NA,NA,NA,NA,6,3,NA,NA,3
"115","A_Shanghai_17_2017",6,NA,NA,NA,NA,NA,NA,3,5,3,NA,7,8,6,NA,NA,NA,NA,3,NA,NA,NA,NA,NA,NA,4,NA,NA,NA
"116","A_Shanghai_18_2017",6,NA,NA,5,NA,NA,NA,NA,NA,NA,NA,NA,NA,NA,7,NA,NA,NA,NA,NA,8,7,10,NA,NA,NA,NA,NA,NA
"117","A_Shanghai_19_2017",6,NA,NA,8,NA,NA,NA,NA,NA,NA,NA,NA,NA,NA,13,NA,NA,NA,NA,NA,13,15,16,NA,6,3,NA,NA,3
"118","A_Shanghai_20_2017",6,NA,NA,NA,NA,NA,NA,NA,NA,NA,NA,NA,NA,NA,NA,NA,NA,NA,NA,NA,NA,NA,NA,3,NA,NA,NA,NA,NA
"119","A_Shanghai_21_2017",6,NA,NA,NA,NA,NA,NA,NA,NA,NA,NA,NA,NA,NA,NA,NA,NA,NA,NA,NA,NA,NA,NA,NA,NA,NA,NA,NA,3
"120","A_Shanghai_29_2017",6,NA,NA,NA,NA,3,6,NA,NA,NA,NA,5,6,3,NA,6,NA,NA,NA,NA,NA,7,3,6,13,6,4,3,NA
"121","A_Shanghai_30_2017",6,3,NA,3,11,4,NA,NA,NA,NA,NA,5,9,3,NA,8,NA,NA,NA,NA,3,3,5,4,15,6,NA,3,3
"122","A_Shanghai_31_2017",6,NA,3,NA,NA,11,3,5,NA,NA,NA,4,4,NA,10,5,3,NA,NA,NA,10,9,14,4,4,7,3,NA,3
"123","A_Shanghai_32_2017",6,NA,6,5,7,3,NA,3,NA,NA,NA,NA,NA,NA,6,9,4,NA,NA,NA,NA,NA,NA,6,12,7,3,3,NA
"124","A_Shanghai_33_2017",6,NA,NA,NA,6,NA,NA,NA,NA,NA,NA,NA,NA,NA,NA,7,NA,NA,3,NA,3,NA,3,7,14,11,NA,6,NA
"125","A_Shanghai_35_2017",6,4,4,7,13,7,NA,9,NA,NA,NA,5,5,NA,6,9,NA,NA,11,NA,5,6,14,4,12,7,NA,3,6
"126","A_Shanghai_36_2017",6,3,NA,NA,13,3,NA,3,3,NA,NA,3,3,NA,NA,11,NA,NA,9,NA,NA,NA,NA,6,15,9,4,3,NA
"127","A_Shanghai_37_2017",6,NA,NA,NA,NA,NA,NA,NA,NA,NA,NA,NA,NA,NA,NA,NA,NA,NA,NA,NA,3,3,3,NA,3,NA,NA,3,3
"128","A_Shanghai_38_2017",6,3,4,3,3,4,NA,NA,NA,NA,NA,5,6,3,4,NA,4,NA,3,NA,NA,7,5,NA,3,NA,4,3,3
"129","A_Shanghai_40_2017",6,NA,3,NA,5,NA,NA,NA,3,NA,NA,3,NA,4,NA,6,NA,NA,7,NA,NA,NA,3,3,3,4,3,6,NA
"130","A_Shanghai_41_2017",6,5,NA,3,3,4,NA,NA,3,NA,NA,3,5,NA,NA,NA,NA,NA,3,NA,NA,NA,5,NA,3,NA,NA,3,NA
"131","A_Shanghai_43_2017",6,NA,NA,NA,NA,NA,NA,NA,NA,3,NA,NA,NA,NA,NA,NA,NA,NA,NA,NA,5,6,3,NA,3,3,NA,3,NA
"132","A_Shanghai_45_2017",6,NA,NA,NA,4,NA,NA,5,NA,NA,NA,NA,5,NA,NA,4,NA,NA,5,4,3,NA,13,4,3,10,NA,3,6
"133","A_Shanghai_46_2017",6,6,4,3,3,7,NA,7,4,NA,NA,3,5,NA,4,NA,4,NA,NA,NA,NA,3,5,NA,3,3,3,3,NA
"134","A_Shanghai_47_2017",6,NA,NA,NA,NA,NA,NA,NA,NA,NA,NA,NA,NA,NA,NA,NA,NA,NA,NA,NA,5,NA,9,NA,3,NA,NA,3,NA
"135","A_Shanghai_49_2017",6,3,3,NA,4,NA,NA,NA,7,NA,5,3,6,3,4,5,3,NA,NA,4,3,3,5,4,3,4,NA,3,NA
"136","A_Shanghai_50_2017",6,5,NA,3,3,4,NA,8,7,NA,NA,3,6,3,NA,NA,NA,NA,7,NA,NA,3,3,NA,3,NA,3,6,NA
"137","A_Shanghai_51_2017",6,3,NA,3,3,3,NA,NA,4,NA,NA,4,9,3,NA,NA,NA,NA,NA,NA,5,7,6,NA,3,NA,NA,3,3
"138","A_Shanghai_53_2017",6,5,NA,4,5,3,NA,4,3,NA,5,3,6,3,NA,4,NA,NA,NA,NA,NA,NA,3,4,3,4,NA,3,NA
"139","A_Shanghai_7_2016",6,NA,NA,NA,3,NA,NA,NA,NA,NA,NA,NA,NA,NA,NA,NA,NA,NA,NA,NA,NA,NA,NA,NA,3,5,NA,NA,NA
"140","A_South_Carolina_NHRC0002_2003",6,NA,NA,NA,NA,NA,NA,NA,NA,NA,NA,NA,NA,NA,NA,NA,NA,NA,NA,NA,NA,NA,NA,NA,NA,NA,3,NA,NA
"141","A_Taipei_0011_2015",6,NA,NA,NA,NA,NA,NA,NA,NA,NA,NA,NA,NA,NA,4,NA,NA,NA,6,NA,NA,NA,NA,NA,NA,NA,NA,NA,NA
"142","A_Tennessee_F2031A_2011",6,NA,NA,NA,NA,NA,NA,NA,NA,NA,NA,NA,NA,NA,NA,3,NA,NA,NA,NA,NA,NA,NA,NA,NA,NA,NA,NA,NA
"143","A_Texas_136_2016",6,5,NA,NA,NA,NA,NA,NA,NA,NA,NA,NA,NA,NA,NA,NA,NA,3,NA,NA,NA,NA,NA,NA,NA,NA,NA,NA,6
"144","A_Texas_47_2017",6,NA,NA,NA,NA,NA,3,NA,NA,NA,NA,NA,NA,NA,NA,NA,8,3,3,NA,NA,NA,NA,NA,NA,NA,NA,NA,NA
"145","A_Vermont_08_2017",6,NA,NA,NA,NA,NA,NA,NA,NA,NA,NA,NA,NA,NA,NA,NA,NA,NA,NA,NA,NA,NA,NA,NA,3,NA,3,NA,NA
"146","A_Washington_55_2016",6,5,NA,NA,NA,NA,NA,NA,NA,NA,NA,NA,NA,NA,NA,NA,NA,3,NA,NA,NA,NA,NA,NA,NA,NA,NA,NA,6
"147","A_Washington_60_2014",6,4,6,NA,NA,NA,3,3,NA,NA,6,3,NA,3,NA,3,NA,NA,NA,NA,NA,NA,4,NA,3,6,NA,3,6
"148","A_Yucatan_844_2003",6,NA,NA,NA,NA,NA,3,NA,NA,NA,NA,NA,NA,NA,NA,NA,NA,NA,NA,NA,NA,NA,NA,NA,NA,NA,NA,NA,NA
